Отметка времени;1. На каком курсе бакалавриата вы обучаетесь?;2. Выберите ваше направление обучения:;3. Принимали ли вы участие в студенческих олимпиадах по экономике и другим направлениям? ;4. Планируете ли вы принимать участие  в студенческих олимпиадах по экономике и другим направлениям?;5. Расскажите, почему вы не участвовали и не планируете участвовать в студенческих олимпиадах? Укажите главную причину, пожалуйста.;"6. Если есть вторая по важности причина, укажите её, пожалуйста. Ответ на предыдущий вопрос выбирать не следует (кроме варианта ""Я участвовал(а) / хочу участвовать в олимпиадах"").";7. Почему, прежде всего, вы хотите участвовать в олимпиадах? ;8. Одни студенты заботятся главным образом об учёбе и стараются не отвлекаться на работу. Другие заботятся главным образом о работе, стремятся уже в вузе начать успешную карьеру. С позицией каких студентов вы согласны в большей степени? ;9. В каком направлении вы бы хотели развиваться в будущем (строить карьеру и/или продолжать обучение в магистратуре/аспирантуре)? ;10. Чем вам больше всего хотелось бы заниматься в будущем?;11. Представьте, что вам надо выбрать одну из трёх олимпиад с разными заданиями. Какую из них вы бы предпочли?;12. Допустим, олимпиада, которую вы отметили, не проводится. Какую из оставшихся двух вы выберете?;13. Предположим, вы участвуете в заключительном этапе олимпиады. Вы бы предпочли, чтобы он проводился онлайн или офлайн, если все антиковидные меры отсутствуют?;14. Какие «плюшки» вы бы хотели получить благодаря участию в олимпиаде, ради чего вы были бы готовы напрячься?
6.1.2022 15:54:00;2 курс;Экономика и управление;Нет;Да, только по другим направлениям;Я участвовал(а) / хочу участвовать в олимпиадах;Я участвовал(а) / хочу участвовать в олимпиадах;Хочу получить льготы при поступлении в магистратуру/аспирантуру;Скорее вторых (которые заботятся главным образом о работе);Инструментальные методы в экономике (анализ больших данных, построение эконометрических моделей и пр.);Проводить аналитическую работу;«Наши задания - это кейсы, для решения которых нужны знания из различных сфер экономики»;«Похожие и даже такие же задания компании используют при собеседованиях»;Очно;Оффер на стажировку (причем не только победителям, а какие-то возможности и для других участников), денежный приз / сертификат от партнера, плюсы при поступлении в магистратуру
6.2.2022 11:08:39;1 курс;Экономика и управление;Нет;Нет;Не хватает знаний/опыта;Нет времени на подготовку;Интересно проверить свои знания;Отчасти первых, отчасти вторых;Стратегическое управление финансами фирмы;Проводить аналитическую работу;«Похожие и даже такие же задания компании используют при собеседованиях»;«Мы даём задачи на знание дисциплин, изучаемых на экономических факультетах»;Очно;Деньги
6.2.2022 11:21:23;2 курс;Экономика и управление;Нет;Да, и по экономике, и по другим направлениям;Не хватает знаний/опыта;Нет времени на подготовку;Хочу получить льготы при поступлении в магистратуру/аспирантуру;Скорее первых (которые заботятся главным образом об учёбе);Корпоративные финансы;Проводить аналитическую работу;«Мы даём задачи на знание дисциплин, изучаемых на экономических факультетах»;«Похожие и даже такие же задания компании используют при собеседованиях»;Очно;Льготы при поступлении в магистратуру
6.2.2022 13:53:09;2 курс;Экономика и управление;Нет;Да, и по экономике, и по другим направлениям;Нет времени на подготовку;Не хватает знаний/опыта;Хочу получить льготы при поступлении в магистратуру/аспирантуру;Отчасти первых, отчасти вторых;Стохастическое моделирование в экономике и финансах;Проводить аналитическую работу;«Мы даём задачи на знание дисциплин, изучаемых на экономических факультетах»;«Наши задания - это кейсы, для решения которых нужны знания из различных сфер экономики»;Очно;Ради поступления в магистратуру
6.2.2022 22:33:05;3 курс;Экономика и управление;Да, только по экономике;Да, только по экономике;Я участвовал(а) / хочу участвовать в олимпиадах;Я участвовал(а) / хочу участвовать в олимпиадах;Хочу получить льготы при поступлении в магистратуру/аспирантуру;Отчасти первых, отчасти вторых;Инструментальные методы в экономике (анализ больших данных, построение эконометрических моделей и пр.);Проводить аналитическую работу;«Похожие и даже такие же задания компании используют при собеседованиях»;«Наши задания - это кейсы, для решения которых нужны знания из различных сфер экономики»;Онлайн;Льготы при поступлении.
6.4.2022 13:01:05;2 курс;Экономика и управление;Нет;Нет;Мне это не интересно;Нет времени на подготовку;Не хочу участвовать в олимпиадах;Скорее первых (которые заботятся главным образом об учёбе);Стратегическое управление финансами фирмы;Вести собственный бизнес;«Похожие и даже такие же задания компании используют при собеседованиях»;«Наши задания - это кейсы, для решения которых нужны знания из различных сфер экономики»;Очно;денежный приз, или же бви в магистратуру
6.4.2022 16:58:57;2 курс;Экономика и управление;Нет;Да, и по экономике, и по другим направлениям;Слишком высокая конкуренция;Нет времени на подготовку;Хочу получить льготы при поступлении в магистратуру/аспирантуру;Скорее вторых (которые заботятся главным образом о работе);Статистический анализ в экономике;Проводить аналитическую работу;«Похожие и даже такие же задания компании используют при собеседованиях»;«Мы даём задачи на знание дисциплин, изучаемых на экономических факультетах»;Онлайн;поступление в магистратуру
6.4.2022 17:19:08;2 курс;Экономика и управление;Нет;Нет;Мне это не интересно;Слишком высокая конкуренция;Не хочу участвовать в олимпиадах;Отчасти первых, отчасти вторых;Статистический анализ в экономике;Искусством;«Похожие и даже такие же задания компании используют при собеседованиях»;«Мы даём задачи на знание дисциплин, изучаемых на экономических факультетах»;Очно;Доп стипендии или возможности поступить в магистратуру/аспирантуру 
6.4.2022 17:39:24;2 курс;Экономика и управление;Нет;Нет;Не хватает знаний/опыта;Нет времени на подготовку;Хочу получить льготы при поступлении в магистратуру/аспирантуру;Отчасти первых, отчасти вторых;Социологические исследования;Вести собственный бизнес;«Наши задания - это кейсы, для решения которых нужны знания из различных сфер экономики»;«Похожие и даже такие же задания компании используют при собеседованиях»;Онлайн;-
6.4.2022 17:52:10;2 курс;Экономика и управление;Нет;Да, и по экономике, и по другим направлениям;Не хватает знаний/опыта;Нет времени на подготовку;Хочу получить льготы при поступлении в магистратуру/аспирантуру;Скорее вторых (которые заботятся главным образом о работе);Финансовые рынки и финансовые институты;Проводить аналитическую работу;«Похожие и даже такие же задания компании используют при собеседованиях»;«Наши задания - это кейсы, для решения которых нужны знания из различных сфер экономики»;Очно;рекомендации на стажировку/деньги
6.8.2022 21:52:32;2 курс;Экономика и управление;Нет;Да, только по экономике;Не хватает знаний/опыта;Нет времени на подготовку;Хочу получить льготы при поступлении в магистратуру/аспирантуру;Скорее вторых (которые заботятся главным образом о работе);Корпоративные финансы;Управление командой/проектами в компании;«Похожие и даже такие же задания компании используют при собеседованиях»;«Наши задания - это кейсы, для решения которых нужны знания из различных сфер экономики»;Онлайн;Льготы для маги, денежные призы, получение оффера на стажировку от партнеров олимпиады
6.8.2022 21:57:53;2 курс;Экономика и управление;Нет;Нет;Мне это не интересно;Слишком высокая конкуренция;Не хочу участвовать в олимпиадах;Отчасти первых, отчасти вторых;Корпоративные финансы;Вести собственный бизнес;«Наши задания - это кейсы, для решения которых нужны знания из различных сфер экономики»;«Похожие и даже такие же задания компании используют при собеседованиях»;Очно;Денежный приз)
6.8.2022 21:58:52;2 курс;Экономика и управление;Нет;Нет;Не хватает знаний/опыта;Нет времени на подготовку;Не хочу участвовать в олимпиадах;Скорее вторых (которые заботятся главным образом о работе);Инструментальные методы в экономике (анализ больших данных, построение эконометрических моделей и пр.);Проводить аналитическую работу;«Похожие и даже такие же задания компании используют при собеседованиях»;«Наши задания - это кейсы, для решения которых нужны знания из различных сфер экономики»;Очно;деньги
6.8.2022 22:04:12;2 курс;Экономика и управление;Нет;Нет;Не хватает знаний/опыта;Слишком высокая конкуренция;Не хочу участвовать в олимпиадах;Безусловно первых (которые заботятся главным образом об учёбе);Стратегическое управление финансами фирмы;Проводить аналитическую работу;«Похожие и даже такие же задания компании используют при собеседованиях»;«Наши задания - это кейсы, для решения которых нужны знания из различных сфер экономики»;Очно;Деньги
6.8.2022 22:05:24;2 курс;Экономика и управление;Нет;Да, и по экономике, и по другим направлениям;Я участвовал(а) / хочу участвовать в олимпиадах;Я участвовал(а) / хочу участвовать в олимпиадах;Хочу получить льготы при поступлении в магистратуру/аспирантуру;Скорее первых (которые заботятся главным образом об учёбе);Финансовые рынки и финансовые институты;Вести собственный бизнес;«Наши задания - это кейсы, для решения которых нужны знания из различных сфер экономики»;«Похожие и даже такие же задания компании используют при собеседованиях»;Очно;Льготы, денежный приз 
6.8.2022 22:08:00;2 курс;Экономика и управление;Нет;Да, только по другим направлениям;Я участвовал(а) / хочу участвовать в олимпиадах;Слишком высокая конкуренция;Интересно проверить свои знания;Скорее первых (которые заботятся главным образом об учёбе);Корпоративные финансы;Вести собственный бизнес;«Похожие и даже такие же задания компании используют при собеседованиях»;«Наши задания - это кейсы, для решения которых нужны знания из различных сфер экономики»;Очно;Рекомендации для стажировок в престижных компаниях в период обучения 
6.8.2022 22:09:18;2 курс;Экономика и управление;Да, и по экономике, и по другим направлениям;Нет;Мне это не интересно;Нет времени на подготовку;Не хочу участвовать в олимпиадах;Скорее вторых (которые заботятся главным образом о работе);Предпринимательство ;Вести собственный бизнес;«Наши задания - это кейсы, для решения которых нужны знания из различных сфер экономики»;«Похожие и даже такие же задания компании используют при собеседованиях»;Онлайн;Стажировка в компании 
6.8.2022 22:13:27;2 курс;Экономика и управление;Нет;Да, и по экономике, и по другим направлениям;Не хватает знаний/опыта;Очень сложно;Хочу получить льготы при поступлении в магистратуру/аспирантуру;Отчасти первых, отчасти вторых;Инструментальные методы в экономике (анализ больших данных, построение эконометрических моделей и пр.);Проводить аналитическую работу;«Мы даём задачи на знание дисциплин, изучаемых на экономических факультетах»;«Похожие и даже такие же задания компании используют при собеседованиях»;Очно;Деньги/ поступление в магистратуру
6.8.2022 22:15:27;2 курс;Экономика и управление;Нет;Нет;Мне это не интересно;Нет времени на подготовку;Не хочу участвовать в олимпиадах;Скорее вторых (которые заботятся главным образом о работе);Корпоративные финансы;Вести собственный бизнес;«Похожие и даже такие же задания компании используют при собеседованиях»;«Наши задания - это кейсы, для решения которых нужны знания из различных сфер экономики»;Очно;Помощь в трудоустройстве 
6.8.2022 22:20:41;2 курс;Экономика и управление;Да, только по другим направлениям;Нет;Мне это не интересно;Слишком высокая конкуренция;Не хочу участвовать в олимпиадах;Отчасти первых, отчасти вторых;Корпоративные финансы;Проводить аналитическую работу;«Наши задания - это кейсы, для решения которых нужны знания из различных сфер экономики»;«Похожие и даже такие же задания компании используют при собеседованиях»;Очно;Достаточно грамоты и поступления в магу
6.8.2022 22:21:55;1 курс;Экономика и управление;Нет;Да, и по экономике, и по другим направлениям;Не хватает знаний/опыта;Мне это не интересно;Хочу получить льготы при поступлении в магистратуру/аспирантуру;Отчасти первых, отчасти вторых;Инструментальные методы в экономике (анализ больших данных, построение эконометрических моделей и пр.);Вести собственный бизнес;«Наши задания - это кейсы, для решения которых нужны знания из различных сфер экономики»;«Похожие и даже такие же задания компании используют при собеседованиях»;Онлайн;Льготы при поступлении или льготы при получении работы
6.8.2022 22:22:20;2 курс;Экономика и управление;Нет;Да, и по экономике, и по другим направлениям;Я участвовал(а) / хочу участвовать в олимпиадах;Я участвовал(а) / хочу участвовать в олимпиадах;Хочу получить льготы при поступлении в магистратуру/аспирантуру;Скорее первых (которые заботятся главным образом об учёбе);Социологические исследования;Проводить аналитическую работу;«Похожие и даже такие же задания компании используют при собеседованиях»;«Наши задания - это кейсы, для решения которых нужны знания из различных сфер экономики»;Онлайн;Опыт, льготы при поступлении в магистратуру или аспирантуру, стажировки
6.8.2022 22:22:25;1 курс;Экономика и управление;Нет;Нет;Мне это не интересно;Не хватает знаний/опыта;Не хочу участвовать в олимпиадах;Отчасти первых, отчасти вторых;Финансовые рынки и финансовые институты;Проводить аналитическую работу;«Похожие и даже такие же задания компании используют при собеседованиях»;«Наши задания - это кейсы, для решения которых нужны знания из различных сфер экономики»;Очно;Плюсик в резюме, новый опыт, возможное финансовое вознаграждение
6.8.2022 22:22:29;1 курс;Экономика и управление;Да, только по другим направлениям;Да, и по экономике, и по другим направлениям;Нет времени на подготовку;Не хватает знаний/опыта;Хочу получить льготы при поступлении в магистратуру/аспирантуру;Скорее первых (которые заботятся главным образом об учёбе);Финансовые рынки и финансовые институты;Вести собственный бизнес;«Похожие и даже такие же задания компании используют при собеседованиях»;«Наши задания - это кейсы, для решения которых нужны знания из различных сфер экономики»;Очно;Олимпиада от крупной компании, участие в которой украсит мое резюме
6.8.2022 22:22:38;2 курс;Экономика и управление;Нет;Да, и по экономике, и по другим направлениям;Я участвовал(а) / хочу участвовать в олимпиадах;Я участвовал(а) / хочу участвовать в олимпиадах;Хочу получить льготы при поступлении в магистратуру/аспирантуру;Скорее вторых (которые заботятся главным образом о работе);Аналитика ;Проводить аналитическую работу;«Похожие и даже такие же задания компании используют при собеседованиях»;«Мы даём задачи на знание дисциплин, изучаемых на экономических факультетах»;Онлайн;Получить бюджетное место в магистратуре (а может и в бакалавриате, но к сожалению таких нет😢),  а также чтоб эта олимпиада высоко оценивалась при приёме на работу в крупную международную компанию 
6.8.2022 22:25:03;1 курс;Экономика и управление;Да, и по экономике, и по другим направлениям;Нет;Мне это не интересно;Не хватает знаний/опыта;Хочу получить льготы при поступлении в магистратуру/аспирантуру;Отчасти первых, отчасти вторых;Финансовые рынки и финансовые институты;Вести собственный бизнес;«Наши задания - это кейсы, для решения которых нужны знания из различных сфер экономики»;«Похожие и даже такие же задания компании используют при собеседованиях»;Очно;Например, поступление в магистратуру
6.8.2022 22:27:29;1 курс;Экономика и управление;Да, и по экономике, и по другим направлениям;Да, только по экономике;Я участвовал(а) / хочу участвовать в олимпиадах;Я участвовал(а) / хочу участвовать в олимпиадах;Хочу получить льготы при поступлении в магистратуру/аспирантуру;Отчасти первых, отчасти вторых;Корпоративные финансы;Вести собственный бизнес;«Наши задания - это кейсы, для решения которых нужны знания из различных сфер экономики»;«Мы даём задачи на знание дисциплин, изучаемых на экономических факультетах»;Очно;деньги 
6.8.2022 22:27:33;1 курс;Экономика и управление;Да, только по другим направлениям;Да, и по экономике, и по другим направлениям;Я участвовал(а) / хочу участвовать в олимпиадах;Я участвовал(а) / хочу участвовать в олимпиадах;Хочу получить льготы при поступлении в магистратуру/аспирантуру;Скорее первых (которые заботятся главным образом об учёбе);Экономика и экономическая политика (фундаментальные и прикладные эмпирические исследования);Делать академическую карьеру;«Похожие и даже такие же задания компании используют при собеседованиях»;«Наши задания - это кейсы, для решения которых нужны знания из различных сфер экономики»;Онлайн;Поступление на льготных условиях
6.8.2022 22:27:52;1 курс;Экономика и управление;Нет;Нет;Не хватает знаний/опыта;Нет времени на подготовку;Ради азарта;Отчасти первых, отчасти вторых;Финансовые рынки и финансовые институты;Вести собственный бизнес;«Мы даём задачи на знание дисциплин, изучаемых на экономических факультетах»;«Похожие и даже такие же задания компании используют при собеседованиях»;Очно;ради десятки по матану🥲
6.8.2022 22:28:27;1 курс;Экономика и управление;Нет;Да, и по экономике, и по другим направлениям;Не хватает знаний/опыта;Слишком высокая конкуренция;Ради азарта;Отчасти первых, отчасти вторых;Финансовые рынки и финансовые институты;Вести собственный бизнес;«Наши задания - это кейсы, для решения которых нужны знания из различных сфер экономики»;«Похожие и даже такие же задания компании используют при собеседованиях»;Очно;деньги, техника, разные сертификаты
6.8.2022 22:29:21;1 курс;Экономика и управление;Нет;Да, и по экономике, и по другим направлениям;Не хватает знаний/опыта;Слишком высокая конкуренция;Интересно проверить свои знания;Отчасти первых, отчасти вторых;Инструментальные методы в экономике (анализ больших данных, построение эконометрических моделей и пр.);Делать академическую карьеру;«Наши задания - это кейсы, для решения которых нужны знания из различных сфер экономики»;«Мы даём задачи на знание дисциплин, изучаемых на экономических факультетах»;Очно;Может быть, открывающиеся возможности стажировок, поступление в магистратуру
6.8.2022 22:29:37;1 курс;Экономика и управление;Нет;Нет;Мне это не интересно;Нет времени на подготовку;Не хочу участвовать в олимпиадах;Скорее вторых (которые заботятся главным образом о работе);Управление проектами;Вести собственный бизнес;«Похожие и даже такие же задания компании используют при собеседованиях»;«Наши задания - это кейсы, для решения которых нужны знания из различных сфер экономики»;Очно;Стажировка в крутую компанию, доступ к крутому образовательному курсу, сопровождение ментором на 1 год, доступ к закрытому карьерному клубу
6.8.2022 22:30:09;1 курс;Экономика и управление;Нет;Нет;Не хватает знаний/опыта;Недостаточно привлекательные призы;Хочу получить льготы при поступлении в магистратуру/аспирантуру;Скорее вторых (которые заботятся главным образом о работе);Финансовые рынки и финансовые институты;Вести собственный бизнес;«Наши задания - это кейсы, для решения которых нужны знания из различных сфер экономики»;«Похожие и даже такие же задания компании используют при собеседованиях»;Очно;Стажировки 
6.8.2022 22:30:54;1 курс;Экономика и управление;Нет;Нет;Нет времени на подготовку;Не хватает знаний/опыта;Не хочу участвовать в олимпиадах;Отчасти первых, отчасти вторых;Инструментальные методы в экономике (анализ больших данных, построение эконометрических моделей и пр.);Вести собственный бизнес;«Похожие и даже такие же задания компании используют при собеседованиях»;«Наши задания - это кейсы, для решения которых нужны знания из различных сфер экономики»;Онлайн;новые знания
6.8.2022 22:31:13;1 курс;Экономика и управление;Да, и по экономике, и по другим направлениям;Да, и по экономике, и по другим направлениям;Я участвовал(а) / хочу участвовать в олимпиадах;Я участвовал(а) / хочу участвовать в олимпиадах;Хочу получить льготы при поступлении в магистратуру/аспирантуру;Скорее вторых (которые заботятся главным образом о работе);Корпоративные финансы;Вести собственный бизнес;«Похожие и даже такие же задания компании используют при собеседованиях»;«Мы даём задачи на знание дисциплин, изучаемых на экономических факультетах»;Очно;Возможность пройти стажку
6.8.2022 22:31:18;1 курс;Экономика и управление;Нет;Да, только по другим направлениям;Не хватает знаний/опыта;Нет времени на подготовку;Хочу получить льготы при поступлении в магистратуру/аспирантуру;Скорее вторых (которые заботятся главным образом о работе);Стратегическое управление финансами фирмы;Вести собственный бизнес;«Наши задания - это кейсы, для решения которых нужны знания из различных сфер экономики»;«Похожие и даже такие же задания компании используют при собеседованиях»;Онлайн;Магистратура, деняк много 
6.8.2022 22:31:57;2 курс;Экономика и управление;Нет;Нет;Мне это не интересно;Не хватает знаний/опыта;Не хочу участвовать в олимпиадах;Отчасти первых, отчасти вторых;Стратегическое управление финансами фирмы;Проводить аналитическую работу;«Похожие и даже такие же задания компании используют при собеседованиях»;«Наши задания - это кейсы, для решения которых нужны знания из различных сфер экономики»;Онлайн;Оффер
6.8.2022 22:31:58;1 курс;Экономика и управление;Нет;Да, и по экономике, и по другим направлениям;Не хватает знаний/опыта;Нет времени на подготовку;Хочу получить льготы при поступлении в магистратуру/аспирантуру;Скорее вторых (которые заботятся главным образом о работе);Инструментальные методы в экономике (анализ больших данных, построение эконометрических моделей и пр.);Проводить аналитическую работу;«Похожие и даже такие же задания компании используют при собеседованиях»;«Наши задания - это кейсы, для решения которых нужны знания из различных сфер экономики»;Очно;Льготы на поступление в магистратуру, возможность стажировки, денежное вознаграждение 
6.8.2022 22:32:04;1 курс;Экономика и управление;Нет;Нет;Не хватает знаний/опыта;Слишком высокая конкуренция;Интересно проверить свои знания;Отчасти первых, отчасти вторых;Финансовые рынки и финансовые институты;Вести собственный бизнес;«Похожие и даже такие же задания компании используют при собеседованиях»;«Наши задания - это кейсы, для решения которых нужны знания из различных сфер экономики»;Очно;Бонусы для обучения, различные стажировки
6.8.2022 22:34:15;1 курс;Экономика и управление;Нет;Нет;Не хватает знаний/опыта;Нет времени на подготовку;Хочу получить льготы при поступлении в магистратуру/аспирантуру;Скорее вторых (которые заботятся главным образом о работе);Корпоративные финансы;Вести собственный бизнес;«Похожие и даже такие же задания компании используют при собеседованиях»;«Наши задания - это кейсы, для решения которых нужны знания из различных сфер экономики»;Очно;Полученные знания и навыки, новые знакомства/связи, льготы при поступлении в магистратуру  
6.8.2022 22:36:42;1 курс;Экономика и управление;Нет;Да, и по экономике, и по другим направлениям;Первые 3 причины🥺;Первые три причины);Хочу получить льготы при поступлении в магистратуру/аспирантуру;Отчасти первых, отчасти вторых;Стратегическое управление финансами фирмы;Работа+обучение;«Похожие и даже такие же задания компании используют при собеседованиях»;«Наши задания - это кейсы, для решения которых нужны знания из различных сфер экономики»;Очно;Привилегии при поступлении в магистратуру) да и просто для себя, как определенное испытание)) если знание какой-то области позволяет, конечно!
6.8.2022 22:37:27;1 курс;Психологические науки;Нет;Нет;Не хватает знаний/опыта;Нет времени на подготовку;Интересно проверить свои знания;Скорее вторых (которые заботятся главным образом о работе);Социологические исследования;Вести собственный бизнес;«Наши задания - это кейсы, для решения которых нужны знания из различных сфер экономики»;«Похожие и даже такие же задания компании используют при собеседованиях»;Очно;стажировка, репутация 
6.8.2022 22:39:37;1 курс;Экономика и управление;Нет;Да, только по другим направлениям;Не хватает знаний/опыта;Слишком высокая конкуренция;Хочу получить льготы при поступлении в магистратуру/аспирантуру;Скорее вторых (которые заботятся главным образом о работе);Инструментальные методы в экономике (анализ больших данных, построение эконометрических моделей и пр.);продвигать чужой бизнес;«Наши задания - это кейсы, для решения которых нужны знания из различных сфер экономики»;«Похожие и даже такие же задания компании используют при собеседованиях»;Онлайн;БВИ в магистратуру
6.8.2022 22:47:25;1 курс;Экономика и управление;Нет;Да, и по экономике, и по другим направлениям;Слишком высокая конкуренция;Не хватает знаний/опыта;Хочу получить льготы при поступлении в магистратуру/аспирантуру;Отчасти первых, отчасти вторых;Статистический анализ в экономике;Проводить аналитическую работу;«Похожие и даже такие же задания компании используют при собеседованиях»;«Наши задания - это кейсы, для решения которых нужны знания из различных сфер экономики»;Очно;Возможность попасть на стажировку в крутую компанию или льготное поступление в магистратуру 
6.8.2022 22:52:49;1 курс;Экономика и управление;Нет;Нет;Мне это не интересно;Недостаточно привлекательные призы;Не хочу участвовать в олимпиадах;Отчасти первых, отчасти вторых;Стартап;Вести собственный бизнес;«Мы даём задачи на знание дисциплин, изучаемых на экономических факультетах»;«Наши задания - это кейсы, для решения которых нужны знания из различных сфер экономики»;Онлайн;Льготы для поступления в матистратуру/ прохождение без отбора на стажировку
6.8.2022 22:55:26;1 курс;Экономика и управление;Нет;Нет;Мне это не интересно;Нет времени на подготовку;Не хочу участвовать в олимпиадах;Безусловно вторых (которые заботятся главным образом о работе);Финансовые рынки и финансовые институты;Вести собственный бизнес;«Наши задания - это кейсы, для решения которых нужны знания из различных сфер экономики»;«Похожие и даже такие же задания компании используют при собеседованиях»;Очно;Ради опыта и участия 
6.8.2022 22:56:01;1 курс;Экономика и управление;Нет;Да, и по экономике, и по другим направлениям;Я участвовал(а) / хочу участвовать в олимпиадах;Я участвовал(а) / хочу участвовать в олимпиадах;Интересно проверить свои знания;Отчасти первых, отчасти вторых;Стратегическое управление финансами фирмы;Вести собственный бизнес;«Наши задания - это кейсы, для решения которых нужны знания из различных сфер экономики»;«Похожие и даже такие же задания компании используют при собеседованиях»;Очно;Преимущество при приеме на работу в ту или иную компанию(например, Тинькофф), призы, интересный опыт
6.8.2022 23:02:27;2 курс;Экономика и управление;Да, и по экономике, и по другим направлениям;Нет;Нет времени на подготовку;Не хватает знаний/опыта;Не хочу участвовать в олимпиадах;Скорее первых (которые заботятся главным образом об учёбе);Инструментальные методы в экономике (анализ больших данных, построение эконометрических моделей и пр.);Проводить аналитическую работу;«Похожие и даже такие же задания компании используют при собеседованиях»;«Наши задания - это кейсы, для решения которых нужны знания из различных сфер экономики»;Онлайн;скидку на обучение. 
6.8.2022 23:06:05;1 курс;Экономика и управление;Нет;Да, и по экономике, и по другим направлениям;Не участвовала, потому что опыта маловато, а в будущем планирую;Нет времени на подготовку;Хочу получить льготы при поступлении в магистратуру/аспирантуру;Отчасти первых, отчасти вторых;Стратегическое управление финансами фирмы;Принимать участие в руководстве бизнесом;«Похожие и даже такие же задания компании используют при собеседованиях»;«Наши задания - это кейсы, для решения которых нужны знания из различных сфер экономики»;Очно;Какие-то бонусы при дальнейшем обучении или трудоустройстве.
6.8.2022 23:06:08;1 курс;Экономика и управление;Нет;Нет;Нет времени на подготовку;Мне это не интересно;Ради азарта;Отчасти первых, отчасти вторых;Финансовые рынки и финансовые институты;Проводить аналитическую работу;«Мы даём задачи на знание дисциплин, изучаемых на экономических факультетах»;«Похожие и даже такие же задания компании используют при собеседованиях»;Онлайн;Приоритетное право на поступление в магистраиуру/прохождение стажировки в топ компании
6.8.2022 23:06:16;3 курс;Экономика и управление;Нет;Да, и по экономике, и по другим направлениям;Не усаствовала, потому что в школе слишком много акцента делалось на олимпиадах. То есть уважительнее относились к тем, кто что-то занимал на них. Поэтому сформировалось плохое отношение к самим олимпиадам;Слишком высокая конкуренция;Хочу получить льготы при поступлении в магистратуру/аспирантуру;Отчасти первых, отчасти вторых;Инструментальные методы в экономике (анализ больших данных, построение эконометрических моделей и пр.);Вести собственный бизнес;«Похожие и даже такие же задания компании используют при собеседованиях»;«Наши задания - это кейсы, для решения которых нужны знания из различных сфер экономики»;Очно;Легкость поступления в магистратуру, пропуск нескольких этапов на собеседовании в компанию
6.8.2022 23:06:55;1 курс;Экономика и управление;Нет;Да, и по экономике, и по другим направлениям;Не хватает знаний/опыта;Не хватает знаний/опыта;Хочу получить льготы при поступлении в магистратуру/аспирантуру;Отчасти первых, отчасти вторых;Финансовые рынки и финансовые институты;Вести собственный бизнес;«Похожие и даже такие же задания компании используют при собеседованиях»;«Наши задания - это кейсы, для решения которых нужны знания из различных сфер экономики»;Очно;Стажировки, академические награды, привелегии при поступлении, опыт. 
6.8.2022 23:07:51;1 курс;Экономика и управление;Нет;Нет;Нет смысла, потому что они ничего не дают, поэтому учиться намного профитнее;Недостаточно привлекательные призы;будучи олимпиадником в школьные годы, я проникся этой атмосферой и комьюнити, они являются главными причинами участия;Скорее первых (которые заботятся главным образом об учёбе);консалтинг;Вести собственный бизнес;«Наши задания - это кейсы, для решения которых нужны знания из различных сфер экономики»;«Похожие и даже такие же задания компании используют при собеседованиях»;Очно;Ради престижной строчки в резюме и включения в крутое комьюнити
6.8.2022 23:09:17;1 курс;Экономика и управление;Нет;Да, и по экономике, и по другим направлениям;Я участвовал(а) / хочу участвовать в олимпиадах;Я участвовал(а) / хочу участвовать в олимпиадах;Хочу получить льготы при поступлении в магистратуру/аспирантуру;Безусловно вторых (которые заботятся главным образом о работе);пока точного ответа дать не могу);Вести собственный бизнес;«Похожие и даже такие же задания компании используют при собеседованиях»;«Мы даём задачи на знание дисциплин, изучаемых на экономических факультетах»;Очно;подобно БВИ при успехе в школьных олимпиадах, хотелось бы каких-то выгод, упрощающих поступление в магистратуру, допустим. Или же какие-то преимущества при устройстве на стажировку/работу в какой-либо организации
6.8.2022 23:09:27;1 курс;Экономика и управление;Нет;Нет;Не хватает знаний/опыта;Слишком высокая конкуренция;Ради азарта;Безусловно вторых (которые заботятся главным образом о работе);Финансовые рынки и финансовые институты;Вести собственный бизнес;«Похожие и даже такие же задания компании используют при собеседованиях»;«Наши задания - это кейсы, для решения которых нужны знания из различных сфер экономики»;Очно;Деньги )
6.8.2022 23:09:42;1 курс;Экономика и управление;Да, только по другим направлениям;Да, и по экономике, и по другим направлениям;Я участвовал(а) / хочу участвовать в олимпиадах;Я участвовал(а) / хочу участвовать в олимпиадах;Интересно проверить свои знания;Отчасти первых, отчасти вторых;Социологические исследования;Проводить аналитическую работу;«Наши задания - это кейсы, для решения которых нужны знания из различных сфер экономики»;«Похожие и даже такие же задания компании используют при собеседованиях»;Очно;Опыт, кредиты
6.8.2022 23:10:41;1 курс;Экономика и управление;Нет;Нет;Нет времени на подготовку;Мне это не интересно;Ради азарта;Отчасти первых, отчасти вторых;Финансовые рынки и финансовые институты;Проводить аналитическую работу;«Мы даём задачи на знание дисциплин, изучаемых на экономических факультетах»;«Похожие и даже такие же задания компании используют при собеседованиях»;Онлайн;Приоритетное право на поступление в магистратуру/стажировка в топ компании 
6.8.2022 23:12:18;1 курс;Экономика и управление;Да, и по экономике, и по другим направлениям;Нет;Попадалось мало информации про студенческие олимпиады и их проведение, думаю будь ее больше это могло бы и меня заинтересовать ;Недостаточно привлекательные призы;Хочу получить льготы при поступлении в магистратуру/аспирантуру;Отчасти первых, отчасти вторых;Корпоративные финансы;Вести собственный бизнес;«Похожие и даже такие же задания компании используют при собеседованиях»;«Мы даём задачи на знание дисциплин, изучаемых на экономических факультетах»;Онлайн;Льготы при поступлении в магистратуру/аспирантуру или сертификаты наличие которых тоже приносит пользу в дельнейшем развитии 
6.8.2022 23:12:23;1 курс;Экономика и управление;Да, и по экономике, и по другим направлениям;Да, и по экономике, и по другим направлениям;Не хватает знаний/опыта;Нет времени на подготовку;Хочу получить льготы при поступлении в магистратуру/аспирантуру;Безусловно первых (которые заботятся главным образом об учёбе);Корпоративные финансы;Вести собственный бизнес;«Похожие и даже такие же задания компании используют при собеседованиях»;«Мы даём задачи на знание дисциплин, изучаемых на экономических факультетах»;Онлайн;Попробовать себя в этом. Проанализировать «слабые»  места. 
6.8.2022 23:17:07;1 курс;Экономика и управление;Нет;Нет;Мне это не интересно;Не хватает знаний/опыта;Не хочу участвовать в олимпиадах;Затрудняюсь ответить;Социологические исследования;Вести собственный бизнес;«Похожие и даже такие же задания компании используют при собеседованиях»;«Наши задания - это кейсы, для решения которых нужны знания из различных сфер экономики»;Онлайн;Скидки на образование, работа в известной компании 
6.8.2022 23:18:53;1 курс;Экономика и управление;Нет;Да, только по другим направлениям;Я участвовал(а) / хочу участвовать в олимпиадах;Я участвовал(а) / хочу участвовать в олимпиадах;Интересно проверить свои знания;Отчасти первых, отчасти вторых;Инструментальные методы в экономике (анализ больших данных, построение эконометрических моделей и пр.);Проводить аналитическую работу;«Наши задания - это кейсы, для решения которых нужны знания из различных сфер экономики»;«Похожие и даже такие же задания компании используют при собеседованиях»;Очно;Накопить опыт, получить знания, а также приятные воспоминания из студенческой жизни, или для получения ПГАС))
6.8.2022 23:19:27;1 курс;Экономика и управление;Нет;Да, и по экономике, и по другим направлениям;Я участвовал(а) / хочу участвовать в олимпиадах;Я участвовал(а) / хочу участвовать в олимпиадах;Хочу получить льготы при поступлении в магистратуру/аспирантуру;Скорее первых (которые заботятся главным образом об учёбе);Корпоративные финансы;Проводить аналитическую работу;«Наши задания - это кейсы, для решения которых нужны знания из различных сфер экономики»;«Похожие и даже такие же задания компании используют при собеседованиях»;Очно;Стажировка, очный групповой этап
6.8.2022 23:20:49;1 курс;Экономика и управление;Нет;Нет;Не хватает знаний/опыта;Нет времени на подготовку;Не хочу участвовать в олимпиадах;Скорее вторых (которые заботятся главным образом о работе);Стратегическое управление финансами фирмы;Вести собственный бизнес;«Похожие и даже такие же задания компании используют при собеседованиях»;«Наши задания - это кейсы, для решения которых нужны знания из различных сфер экономики»;Очно;Работа
6.8.2022 23:26:10;1 курс;Экономика и управление;Нет;Нет;Слишком высокая конкуренция;Мне это не интересно;Не хочу участвовать в олимпиадах;Скорее первых (которые заботятся главным образом об учёбе);Финансовые рынки и финансовые институты;Вести собственный бизнес;«Наши задания - это кейсы, для решения которых нужны знания из различных сфер экономики»;«Наши задания - это кейсы, для решения которых нужны знания из различных сфер экономики»;Онлайн;Стажировка в компании, которая проводит олимпиаду
6.8.2022 23:26:15;1 курс;Экономика и управление;Да, и по экономике, и по другим направлениям;Да, и по экономике, и по другим направлениям;Я участвовал(а) / хочу участвовать в олимпиадах;Я участвовал(а) / хочу участвовать в олимпиадах;Хочу получить льготы при поступлении в магистратуру/аспирантуру;Скорее первых (которые заботятся главным образом об учёбе);Стратегическое управление финансами фирмы;Вести собственный бизнес;«Похожие и даже такие же задания компании используют при собеседованиях»;«Наши задания - это кейсы, для решения которых нужны знания из различных сфер экономики»;Онлайн;Преимущество в поступление
6.8.2022 23:26:18;1 курс;Экономика и управление;Нет;Да, и по экономике, и по другим направлениям;Я участвовал(а) / хочу участвовать в олимпиадах;Я участвовал(а) / хочу участвовать в олимпиадах;Хочу получить льготы при поступлении в магистратуру/аспирантуру;Отчасти первых, отчасти вторых;Пока не знаю;Вести собственный бизнес;«Похожие и даже такие же задания компании используют при собеседованиях»;«Наши задания - это кейсы, для решения которых нужны знания из различных сфер экономики»;Очно;Возможно путевка куда-нибудь
6.8.2022 23:26:20;1 курс;Экономика и управление;Да, только по другим направлениям;Да, только по другим направлениям;Не хватает знаний/опыта;Нет времени на подготовку;Хочу получить льготы при поступлении в магистратуру/аспирантуру;Скорее первых (которые заботятся главным образом об учёбе);Инструментальные методы в экономике (анализ больших данных, построение эконометрических моделей и пр.);Проводить аналитическую работу;«Похожие и даже такие же задания компании используют при собеседованиях»;«Наши задания - это кейсы, для решения которых нужны знания из различных сфер экономики»;Очно;Стажировка 
6.8.2022 23:26:27;1 курс;Экономика и управление;Нет;Да, и по экономике, и по другим направлениям;Я участвовал(а) / хочу участвовать в олимпиадах;Я участвовал(а) / хочу участвовать в олимпиадах;Интересно проверить свои знания;Отчасти первых, отчасти вторых;Стратегическое управление финансами фирмы;Проводить аналитическую работу;«Похожие и даже такие же задания компании используют при собеседованиях»;«Наши задания - это кейсы, для решения которых нужны знания из различных сфер экономики»;Очно;Льготы при поступлении в магистратуру, денежное вознаграждение или льготы при приёме на работу
6.8.2022 23:27:10;1 курс;Экономика и управление;Нет;Нет;Нет времени на подготовку;Слишком высокая конкуренция;Не хочу участвовать в олимпиадах;Отчасти первых, отчасти вторых;Финансовые рынки и финансовые институты;Вести собственный бизнес;«Наши задания - это кейсы, для решения которых нужны знания из различных сфер экономики»;«Похожие и даже такие же задания компании используют при собеседованиях»;Очно;Возможности стажировки
6.8.2022 23:27:22;1 курс;Экономика и управление;Нет;Да, и по экономике, и по другим направлениям;Я участвовал(а) / хочу участвовать в олимпиадах;Я участвовал(а) / хочу участвовать в олимпиадах;Интересно проверить свои знания;Безусловно первых (которые заботятся главным образом об учёбе);Инструментальные методы в экономике (анализ больших данных, построение эконометрических моделей и пр.);Проводить аналитическую работу;«Мы даём задачи на знание дисциплин, изучаемых на экономических факультетах»;«Наши задания - это кейсы, для решения которых нужны знания из различных сфер экономики»;Очно;Льготы
6.8.2022 23:27:29;1 курс;Экономика и управление;Нет;Нет;Не хватает знаний/опыта;Нет времени на подготовку;Хочу получить льготы при поступлении в магистратуру/аспирантуру;Скорее первых (которые заботятся главным образом об учёбе);Корпоративные финансы;Проводить аналитическую работу;«Похожие и даже такие же задания компании используют при собеседованиях»;«Мы даём задачи на знание дисциплин, изучаемых на экономических факультетах»;Очно;Льготы при поступлении и поиске работы, денежное вознаграждение, 
6.8.2022 23:27:31;1 курс;Экономика и управление;Нет;Нет;Не хватает знаний/опыта;Нет времени на подготовку;Интересно проверить свои знания;Скорее первых (которые заботятся главным образом об учёбе);Стратегическое управление финансами фирмы;Проводить аналитическую работу;«Похожие и даже такие же задания компании используют при собеседованиях»;«Мы даём задачи на знание дисциплин, изучаемых на экономических факультетах»;Очно;Стажировка 
6.8.2022 23:28:03;1 курс;Экономика и управление;Да, и по экономике, и по другим направлениям;Нет;Не хватает знаний/опыта;Слишком высокая конкуренция;Интересно проверить свои знания;Скорее вторых (которые заботятся главным образом о работе);Финансовые рынки и финансовые институты;Вести собственный бизнес;«Наши задания - это кейсы, для решения которых нужны знания из различных сфер экономики»;«Похожие и даже такие же задания компании используют при собеседованиях»;Очно;Льготы при поступлении
6.8.2022 23:28:22;1 курс;Экономика и управление;Да, и по экономике, и по другим направлениям;Да, и по экономике, и по другим направлениям;Не хватает знаний/опыта;Слишком высокая конкуренция;Хочу получить льготы при поступлении в магистратуру/аспирантуру;Отчасти первых, отчасти вторых;Инструментальные методы в экономике (анализ больших данных, построение эконометрических моделей и пр.);Проводить аналитическую работу;«Наши задания - это кейсы, для решения которых нужны знания из различных сфер экономики»;«Похожие и даже такие же задания компании используют при собеседованиях»;Очно;Стажировка, льготы при поступлении
6.8.2022 23:28:43;1 курс;Экономика и управление;Да, и по экономике, и по другим направлениям;Да, и по экономике, и по другим направлениям;Я участвовал(а) / хочу участвовать в олимпиадах;Я участвовал(а) / хочу участвовать в олимпиадах;Ради азарта;Скорее вторых (которые заботятся главным образом о работе);Финансовые рынки и финансовые институты;Вести собственный бизнес;«Похожие и даже такие же задания компании используют при собеседованиях»;«Наши задания - это кейсы, для решения которых нужны знания из различных сфер экономики»;Очно;стажировки, академ мобильность 
6.8.2022 23:28:49;1 курс;Экономика и управление;Нет;Нет;Нет времени на подготовку;Не хватает знаний/опыта;Не хочу участвовать в олимпиадах;Скорее вторых (которые заботятся главным образом о работе);Финансовые рынки и финансовые институты;Проводить аналитическую работу;«Наши задания - это кейсы, для решения которых нужны знания из различных сфер экономики»;«Похожие и даже такие же задания компании используют при собеседованиях»;Очно;Преимущества в собеседовании, стажировки и пр 
6.8.2022 23:29:02;1 курс;Экономика и управление;Нет;Да, и по экономике, и по другим направлениям;Не хватает знаний/опыта;Нет времени на подготовку;Хочу получить льготы при поступлении в магистратуру/аспирантуру;Скорее первых (которые заботятся главным образом об учёбе);Стратегическое управление финансами фирмы;Проводить аналитическую работу;«Похожие и даже такие же задания компании используют при собеседованиях»;«Мы даём задачи на знание дисциплин, изучаемых на экономических факультетах»;Онлайн;"льготы при поступлении в магистратуру; денежные выплаты за призовое место"
6.8.2022 23:29:09;2 курс;Экономика и управление;Нет;Нет;Мне это не интересно;Недостаточно привлекательные призы;Не хочу участвовать в олимпиадах;Безусловно вторых (которые заботятся главным образом о работе);DS, analytics;Вести собственный бизнес;«Похожие и даже такие же задания компании используют при собеседованиях»;«Наши задания - это кейсы, для решения которых нужны знания из различных сфер экономики»;Онлайн;Оффер на стажировку/работу:)
6.8.2022 23:29:29;2 курс;Психологические науки;Да, и по экономике, и по другим направлениям;Да, и по экономике, и по другим направлениям;Я участвовал(а) / хочу участвовать в олимпиадах;Я участвовал(а) / хочу участвовать в олимпиадах;Хочу получить льготы при поступлении в магистратуру/аспирантуру;Безусловно вторых (которые заботятся главным образом о работе);Стохастическое моделирование в экономике и финансах;Проводить аналитическую работу;«Наши задания - это кейсы, для решения которых нужны знания из различных сфер экономики»;«Похожие и даже такие же задания компании используют при собеседованиях»;Очно;Мага бесплатная 
6.8.2022 23:29:47;1 курс;Экономика и управление;Нет;Да, и по экономике, и по другим направлениям;Не хватает знаний/опыта;Слишком высокая конкуренция;Интересно проверить свои знания;Отчасти первых, отчасти вторых;Финансовые рынки и финансовые институты;Вести собственный бизнес;«Похожие и даже такие же задания компании используют при собеседованиях»;«Наши задания - это кейсы, для решения которых нужны знания из различных сфер экономики»;Онлайн;Стажировка
6.8.2022 23:30:22;1 курс;Экономика и управление;Да, только по другим направлениям;Да, только по экономике;Я участвовал(а) / хочу участвовать в олимпиадах;Я участвовал(а) / хочу участвовать в олимпиадах;Интересно проверить свои знания;Скорее вторых (которые заботятся главным образом о работе);Корпоративные финансы;Проводить аналитическую работу;«Похожие и даже такие же задания компании используют при собеседованиях»;«Наши задания - это кейсы, для решения которых нужны знания из различных сфер экономики»;Онлайн;Преимущества при приеме на работу в компании партнёров 
6.8.2022 23:32:08;1 курс;Экономика и управление;Да, только по экономике;Нет;Мне это не интересно;Не хватает знаний/опыта;Не хочу участвовать в олимпиадах;Скорее вторых (которые заботятся главным образом о работе);Инструментальные методы в экономике (анализ больших данных, построение эконометрических моделей и пр.);Проводить аналитическую работу;«Похожие и даже такие же задания компании используют при собеседованиях»;«Наши задания - это кейсы, для решения которых нужны знания из различных сфер экономики»;Очно;Стажу
6.8.2022 23:32:27;1 курс;Экономика и управление;Нет;Да, и по экономике, и по другим направлениям;Не хватает знаний/опыта;Нет времени на подготовку;Хочу получить льготы при поступлении в магистратуру/аспирантуру;Безусловно первых (которые заботятся главным образом об учёбе);Корпоративные финансы;Проводить аналитическую работу;«Похожие и даже такие же задания компании используют при собеседованиях»;«Наши задания - это кейсы, для решения которых нужны знания из различных сфер экономики»;Очно;Существенная скидка в магистратуру (50%). Либо олимпиада, по результатам которой, можно получить положительный отзыв для будущей работы, либо стажировки
6.8.2022 23:32:55;1 курс;Культуроведение и социокультурные проекты;Нет;Нет;Не хватает знаний/опыта;Мне это не интересно;Хочу получить льготы при поступлении в магистратуру/аспирантуру;Скорее первых (которые заботятся главным образом об учёбе);Статистический анализ в экономике;Проводить аналитическую работу;«Похожие и даже такие же задания компании используют при собеседованиях»;«Похожие и даже такие же задания компании используют при собеседованиях»;Онлайн;-
6.8.2022 23:32:55;1 курс;Экономика и управление;Нет;Да, и по экономике, и по другим направлениям;Не хватает знаний/опыта;Слишком высокая конкуренция;Интересно проверить свои знания;Отчасти первых, отчасти вторых;Корпоративные финансы;Вести собственный бизнес;«Похожие и даже такие же задания компании используют при собеседованиях»;«Наши задания - это кейсы, для решения которых нужны знания из различных сфер экономики»;Очно;Опыт, возможность стажировки
6.8.2022 23:33:37;1 курс;Экономика и управление;Нет;Нет;Мне это не интересно;Не хватает знаний/опыта;Ради азарта;Отчасти первых, отчасти вторых;Все и сразу ;Вести собственный бизнес;«Похожие и даже такие же задания компании используют при собеседованиях»;«Наши задания - это кейсы, для решения которых нужны знания из различных сфер экономики»;Очно;Способствование моей дальнейшей карьере, денежный приз
6.8.2022 23:35:05;1 курс;Экономика и управление;Нет;Нет;Не хватает знаний/опыта;Не хватает знаний/опыта;Не хочу участвовать в олимпиадах;Скорее вторых (которые заботятся главным образом о работе);Стратегическое управление финансами фирмы;Вести собственный бизнес;«Похожие и даже такие же задания компании используют при собеседованиях»;«Наши задания - это кейсы, для решения которых нужны знания из различных сфер экономики»;Онлайн;Карьера 
6.8.2022 23:35:30;2 курс;Экономика и управление;Нет;Да, и по экономике, и по другим направлениям;Не хватает знаний/опыта;Нет времени на подготовку;Хочу получить льготы при поступлении в магистратуру/аспирантуру;Безусловно вторых (которые заботятся главным образом о работе);Корпоративные финансы;Вести собственный бизнес;«Похожие и даже такие же задания компании используют при собеседованиях»;«Наши задания - это кейсы, для решения которых нужны знания из различных сфер экономики»;Очно;Скидка на магистратуру/грант/оффер в хорошую компанию в обход нескольких конкурсных этапов 
6.8.2022 23:35:50;1 курс;Экономика и управление;Да, и по экономике, и по другим направлениям;Да, и по экономике, и по другим направлениям;Недостаточно привлекательные призы;Недостаточно привлекательные призы;Ради азарта;Безусловно вторых (которые заботятся главным образом о работе);Финансовые рынки и финансовые институты;Проводить аналитическую работу;«Похожие и даже такие же задания компании используют при собеседованиях»;«Наши задания - это кейсы, для решения которых нужны знания из различных сфер экономики»;Очно;Оффер 
6.8.2022 23:37:54;1 курс;Экономика и управление;Да, и по экономике, и по другим направлениям;Да, и по экономике, и по другим направлениям;Не хватает знаний/опыта;Слишком высокая конкуренция;Хочу получить льготы при поступлении в магистратуру/аспирантуру;Скорее вторых (которые заботятся главным образом о работе);Корпоративные финансы;Вести собственный бизнес;«Похожие и даже такие же задания компании используют при собеседованиях»;«Наши задания - это кейсы, для решения которых нужны знания из различных сфер экономики»;Очно;Обучение за рубежом 
6.8.2022 23:40:40;1 курс;Экономика и управление;Нет;Нет;Нет времени на подготовку;Недостаточно привлекательные призы;Ради азарта;Скорее вторых (которые заботятся главным образом о работе);Стратегическое управление финансами фирмы;Проводить аналитическую работу;«Похожие и даже такие же задания компании используют при собеседованиях»;«Мы даём задачи на знание дисциплин, изучаемых на экономических факультетах»;Онлайн;Деньги, льготы при поступлении, весёлая церемония награждения 
6.8.2022 23:41:26;1 курс;Экономика и управление;Да, только по другим направлениям;Нет;Не хватает знаний/опыта;Нет времени на подготовку;Хочу получить льготы при поступлении в магистратуру/аспирантуру;Скорее вторых (которые заботятся главным образом о работе);Финансовые рынки и финансовые институты;Вести собственный бизнес;«Наши задания - это кейсы, для решения которых нужны знания из различных сфер экономики»;«Похожие и даже такие же задания компании используют при собеседованиях»;Онлайн;Стажировка 
6.8.2022 23:43:45;1 курс;Экономика и управление;Нет;Нет;Не хватает знаний/опыта;Слишком высокая конкуренция;Интересно проверить свои знания;Скорее первых (которые заботятся главным образом об учёбе);Корпоративные финансы;Вести собственный бизнес;«Наши задания - это кейсы, для решения которых нужны знания из различных сфер экономики»;«Похожие и даже такие же задания компании используют при собеседованиях»;Онлайн;бюджет/сертификаты 
6.8.2022 23:44:21;2 курс;Экономика и управление;Нет;Нет;Мне это не интересно;Не хватает знаний/опыта;Не хочу участвовать в олимпиадах;Отчасти первых, отчасти вторых;Корпоративные финансы;Вести собственный бизнес;«Похожие и даже такие же задания компании используют при собеседованиях»;«Наши задания - это кейсы, для решения которых нужны знания из различных сфер экономики»;Очно;Мерч и сертификат на какой-то курс
6.8.2022 23:44:47;1 курс;Экономика и управление;Нет;Да, и по экономике, и по другим направлениям;Не хватает знаний/опыта;Нет времени на подготовку;Хочу получить льготы при поступлении в магистратуру/аспирантуру;Безусловно вторых (которые заботятся главным образом о работе);Финансовые рынки и финансовые институты;Проводить аналитическую работу;«Похожие и даже такие же задания компании используют при собеседованиях»;«Наши задания - это кейсы, для решения которых нужны знания из различных сфер экономики»;Онлайн;Льготы при поступлении в магистратуру / лишний плюсик в портфолио 
6.8.2022 23:45:30;2 курс;Экономика и управление;Нет;Да, и по экономике, и по другим направлениям;Не хватает знаний/опыта;Нет времени на подготовку;Ради азарта;Отчасти первых, отчасти вторых;Социологические исследования;Вести собственный бизнес;«Похожие и даже такие же задания компании используют при собеседованиях»;«Наши задания - это кейсы, для решения которых нужны знания из различных сфер экономики»;Очно;Стажировка, деньги или техника 
6.8.2022 23:46:20;1 курс;Экономика и управление;Нет;Да, и по экономике, и по другим направлениям;Нет времени на подготовку;Слишком высокая конкуренция;Для резюме;Отчасти первых, отчасти вторых;Консалтинг ;Проводить аналитическую работу;«Похожие и даже такие же задания компании используют при собеседованиях»;«Наши задания - это кейсы, для решения которых нужны знания из различных сфер экономики»;Очно;Фасттрек в компанию, бви в магистратуру, денежные выплаты
6.8.2022 23:47:10;2 курс;Экономика и управление;Да, только по экономике;Да, только по экономике;Я участвовал(а) / хочу участвовать в олимпиадах;Я участвовал(а) / хочу участвовать в олимпиадах;Хочу получить льготы при поступлении в магистратуру/аспирантуру;Скорее первых (которые заботятся главным образом об учёбе);Статистический анализ в экономике;Делать академическую карьеру;«Похожие и даже такие же задания компании используют при собеседованиях»;«Мы даём задачи на знание дисциплин, изучаемых на экономических факультетах»;Очно;Льготы для магистратуры, какой-нибудь сувенир (футболка, ручка, значок) 
6.8.2022 23:47:37;2 курс;Экономика и управление;Да, и по экономике, и по другим направлениям;Да, и по экономике, и по другим направлениям;Я участвовал(а) / хочу участвовать в олимпиадах;Я участвовал(а) / хочу участвовать в олимпиадах;Хочу получить льготы при поступлении в магистратуру/аспирантуру;Скорее вторых (которые заботятся главным образом о работе);Стратегическое управление финансами фирмы;Вести собственный бизнес;«Наши задания - это кейсы, для решения которых нужны знания из различных сфер экономики»;«Похожие и даже такие же задания компании используют при собеседованиях»;Очно;Было бы круто получить какую-либо грамоту за участие, хотя они присутствуют, но бывает и так, что из не всегда выдают, инсайдерскую информацию о поступлении в магистратуру, принятии на работу, что-то полезное…
6.8.2022 23:48:37;1 курс;Экономика и управление;Да, только по другим направлениям;Нет;Не хватает знаний/опыта;Нет времени на подготовку;Не хочу участвовать в олимпиадах;Отчасти первых, отчасти вторых;Инструментальные методы в экономике (анализ больших данных, построение эконометрических моделей и пр.);Вести собственный бизнес;«Наши задания - это кейсы, для решения которых нужны знания из различных сфер экономики»;«Похожие и даже такие же задания компании используют при собеседованиях»;Очно;Стажировка 
6.8.2022 23:53:13;2 курс;Экономика и управление;Да, и по экономике, и по другим направлениям;Да, и по экономике, и по другим направлениям;Не хватает знаний/опыта;Слишком высокая конкуренция;Хочу получить льготы при поступлении в магистратуру/аспирантуру;Скорее вторых (которые заботятся главным образом о работе);Инструментальные методы в экономике (анализ больших данных, построение эконометрических моделей и пр.);Проводить аналитическую работу;«Наши задания - это кейсы, для решения которых нужны знания из различных сфер экономики»;«Наши задания - это кейсы, для решения которых нужны знания из различных сфер экономики»;Очно;Сертификат, наверно, который котируется в магистратуре 
6.8.2022 23:54:12;2 курс;Информационная безопасность;Нет;Нет;Я участвовал(а) / хочу участвовать в олимпиадах;Мне это не интересно;Хочу получить льготы при поступлении в магистратуру/аспирантуру;Затрудняюсь ответить;Социологические исследования;Делать академическую карьеру;«Наши задания - это кейсы, для решения которых нужны знания из различных сфер экономики»;«Похожие и даже такие же задания компании используют при собеседованиях»;Онлайн;Плюшку
6.8.2022 23:55:29;2 курс;Экономика и управление;Да, и по экономике, и по другим направлениям;Нет;Мне это не интересно;Я участвовал(а) / хочу участвовать в олимпиадах;Хочу получить льготы при поступлении в магистратуру/аспирантуру;Безусловно вторых (которые заботятся главным образом о работе);маркетинг ;Проводить аналитическую работу;«Похожие и даже такие же задания компании используют при собеседованиях»;«Мы даём задачи на знание дисциплин, изучаемых на экономических факультетах»;Онлайн;ПГАС, поступление в магистратуру, кредиты, достижения какие-нибудь, хорошие призы, стажировку 
6.8.2022 23:56:41;1 курс;Экономика и управление;Да, только по другим направлениям;Нет;Недостаточно привлекательные призы;Я участвовал(а) / хочу участвовать в олимпиадах;Ради азарта;Отчасти первых, отчасти вторых;Корпоративные финансы;Вести собственный бизнес;«Наши задания - это кейсы, для решения которых нужны знания из различных сфер экономики»;«Мы даём задачи на знание дисциплин, изучаемых на экономических факультетах»;Онлайн;миллионы денег в призовых
6.8.2022 23:57:03;3 курс;Экономика и управление;Нет;Нет;Нет времени на подготовку;Мне это не интересно;Не хочу участвовать в олимпиадах;Отчасти первых, отчасти вторых;Корпоративные финансы;Вести собственный бизнес;«Мы даём задачи на знание дисциплин, изучаемых на экономических факультетах»;«Похожие и даже такие же задания компании используют при собеседованиях»;Онлайн;Поступление в магистатуру
6.8.2022 23:57:49;1 курс;Экономика и управление;Да, и по экономике, и по другим направлениям;Да, и по экономике, и по другим направлениям;Я участвовал(а) / хочу участвовать в олимпиадах;Я участвовал(а) / хочу участвовать в олимпиадах;Ради азарта;Скорее вторых (которые заботятся главным образом о работе);Стратегическое управление финансами фирмы;Проводить аналитическую работу;«Наши задания - это кейсы, для решения которых нужны знания из различных сфер экономики»;«Похожие и даже такие же задания компании используют при собеседованиях»;Онлайн;Офер, помощь в устройстве в компанию или магистратуру, денежные эквиваленты 
6.8.2022 23:58:46;1 курс;Экономика и управление;Нет;Нет;Недостаточно привлекательные призы;Слишком высокая конкуренция;Не хочу участвовать в олимпиадах;Затрудняюсь ответить;Стратегическое управление финансами фирмы;Вести собственный бизнес;«Наши задания - это кейсы, для решения которых нужны знания из различных сфер экономики»;«Похожие и даже такие же задания компании используют при собеседованиях»;Очно;Ради крутых призов ,например, денежные гранты
6.8.2022 23:59:50;3 курс;Экономика и управление;Да, и по экономике, и по другим направлениям;Да, только по экономике;Я участвовал(а) / хочу участвовать в олимпиадах;Я участвовал(а) / хочу участвовать в олимпиадах;Хочу получить льготы при поступлении в магистратуру/аспирантуру;Отчасти первых, отчасти вторых;Корпоративные финансы;Проводить аналитическую работу;«Похожие и даже такие же задания компании используют при собеседованиях»;«Наши задания - это кейсы, для решения которых нужны знания из различных сфер экономики»;Онлайн;Поступление в магистратуру
6.9.2022 0:01:13;2 курс;Экономика и управление;Да, только по экономике;Да, только по экономике;Я участвовал(а) / хочу участвовать в олимпиадах;Я участвовал(а) / хочу участвовать в олимпиадах;Интересно проверить свои знания;Безусловно первых (которые заботятся главным образом об учёбе);Корпоративные финансы;Вести собственный бизнес;«Похожие и даже такие же задания компании используют при собеседованиях»;«Наши задания - это кейсы, для решения которых нужны знания из различных сфер экономики»;Очно;деньги
6.9.2022 0:03:16;2 курс;Экономика и управление;Нет;Нет;Не хватает знаний/опыта;Нет времени на подготовку;Не хочу участвовать в олимпиадах;Отчасти первых, отчасти вторых;Корпоративные финансы;Вести собственный бизнес;«Наши задания - это кейсы, для решения которых нужны знания из различных сфер экономики»;«Мы даём задачи на знание дисциплин, изучаемых на экономических факультетах»;Онлайн;Какую-нибудь стажировку
6.9.2022 0:04:43;2 курс;Технологии легкой промышленности;Нет;Нет;Не хватает знаний/опыта;Мне это не интересно;Ради азарта;Затрудняюсь ответить;Хочу рестик ;Вести собственный бизнес;«Похожие и даже такие же задания компании используют при собеседованиях»;«Наши задания - это кейсы, для решения которых нужны знания из различных сфер экономики»;Онлайн;Машину
6.9.2022 0:08:54;1 курс;Экономика и управление;Нет;Нет;Мне это не интересно;Не хватает знаний/опыта;Не хочу участвовать в олимпиадах;Скорее первых (которые заботятся главным образом об учёбе);Корпоративные финансы;Проводить аналитическую работу;«Похожие и даже такие же задания компании используют при собеседованиях»;«Наши задания - это кейсы, для решения которых нужны знания из различных сфер экономики»;Очно;получение работы
6.9.2022 0:09:04;1 курс;Экономика и управление;Нет;Нет;Мне это не интересно;Недостаточно привлекательные призы;Не хочу участвовать в олимпиадах;Скорее вторых (которые заботятся главным образом о работе);Инструментальные методы в экономике (анализ больших данных, построение эконометрических моделей и пр.);Вести собственный бизнес;«Похожие и даже такие же задания компании используют при собеседованиях»;«Наши задания - это кейсы, для решения которых нужны знания из различных сфер экономики»;Очно;Стажировка
6.9.2022 0:12:29;2 курс;Экономика и управление;Да, только по другим направлениям;Нет;Мне это не интересно;Недостаточно привлекательные призы;Не хочу участвовать в олимпиадах;Отчасти первых, отчасти вторых;Финансовые рынки и финансовые институты;Вести собственный бизнес;«Наши задания - это кейсы, для решения которых нужны знания из различных сфер экономики»;«Похожие и даже такие же задания компании используют при собеседованиях»;Очно;Желательно все плюшки, и чтоб их Карлсон не подрезал у меня. 
6.9.2022 0:13:13;2 курс;Изобразительное и прикладные виды искусств;Нет;Нет;не знала,  что такое есть не только в школе;Не хватает знаний/опыта;Хочу получить льготы при поступлении в магистратуру/аспирантуру;Отчасти первых, отчасти вторых;Экономика и экономическая политика (фундаментальные и прикладные эмпирические исследования);Вести собственный бизнес;«Похожие и даже такие же задания компании используют при собеседованиях»;«Наши задания - это кейсы, для решения которых нужны знания из различных сфер экономики»;Онлайн;"лекция с крутыми экономистами; экскурсия или поездка связанная с практической составляющей этой сферы"
6.9.2022 0:13:34;2 курс;Экономика и управление;Нет;Нет;Не хватает знаний/опыта;Нет времени на подготовку;Ради азарта;Отчасти первых, отчасти вторых;Стратегическое управление финансами фирмы;Вести собственный бизнес;«Похожие и даже такие же задания компании используют при собеседованиях»;«Наши задания - это кейсы, для решения которых нужны знания из различных сфер экономики»;Очно;-
6.9.2022 0:14:23;1 курс;Экономика и управление;Нет;Да, и по экономике, и по другим направлениям;Я участвовал(а) / хочу участвовать в олимпиадах;Я участвовал(а) / хочу участвовать в олимпиадах;Хочу получить льготы при поступлении в магистратуру/аспирантуру;Отчасти первых, отчасти вторых;Экономика и экономическая политика (фундаментальные и прикладные эмпирические исследования);Проводить аналитическую работу;«Похожие и даже такие же задания компании используют при собеседованиях»;«Мы даём задачи на знание дисциплин, изучаемых на экономических факультетах»;Онлайн;поступление в магистратуру
6.9.2022 0:17:50;2 курс;Экономика и управление;Нет;Нет;Не хватает знаний/опыта;Нет времени на подготовку;Интересно проверить свои знания;Отчасти первых, отчасти вторых;Финансовые рынки и финансовые институты;Проводить аналитическую работу;«Похожие и даже такие же задания компании используют при собеседованиях»;«Наши задания - это кейсы, для решения которых нужны знания из различных сфер экономики»;Очно;Оффер на работу, денежное вознаграждение
6.9.2022 0:20:59;1 курс;Экономика и управление;Нет;Да, и по экономике, и по другим направлениям;Не хватает знаний/опыта;Слишком высокая конкуренция;Хочу получить льготы при поступлении в магистратуру/аспирантуру;Отчасти первых, отчасти вторых;Инструментальные методы в экономике (анализ больших данных, построение эконометрических моделей и пр.);Проводить аналитическую работу;«Наши задания - это кейсы, для решения которых нужны знания из различных сфер экономики»;«Похожие и даже такие же задания компании используют при собеседованиях»;Очно;Я бы участвовал ради плюшек в случае победы/призёрства
6.9.2022 0:32:14;2 курс;Экономика и управление;Нет;Нет;Мне это не интересно;Нет времени на подготовку;Ради азарта;Скорее вторых (которые заботятся главным образом о работе);Корпоративные финансы;Проводить аналитическую работу;«Наши задания - это кейсы, для решения которых нужны знания из различных сфер экономики»;«Похожие и даже такие же задания компании используют при собеседованиях»;Очно;Ради пробной стажировки
6.9.2022 0:45:15;1 курс;Экономика и управление;Нет;Нет;Нет времени на подготовку;Не хватает знаний/опыта;Не хочу участвовать в олимпиадах;Безусловно первых (которые заботятся главным образом об учёбе);Аудит;Проводить аналитическую работу;«Мы даём задачи на знание дисциплин, изучаемых на экономических факультетах»;«Похожие и даже такие же задания компании используют при собеседованиях»;Онлайн;Повышенная стипендия 
6.9.2022 0:54:43;1 курс;Экономика и управление;Да, только по другим направлениям;Да, только по другим направлениям;Недостаточно привлекательные призы;Нет времени на подготовку;Буст для стажировок;Безусловно вторых (которые заботятся главным образом о работе);Маркетинг;Вести собственный бизнес;«Похожие и даже такие же задания компании используют при собеседованиях»;«Наши задания - это кейсы, для решения которых нужны знания из различных сфер экономики»;Очно;Буст для стажировок
6.9.2022 1:02:01;1 курс;Экономика и управление;Нет;Нет;Недостаточно привлекательные призы;Не хватает знаний/опыта;Хочу получить льготы при поступлении в магистратуру/аспирантуру;Скорее первых (которые заботятся главным образом об учёбе);Инструментальные методы в экономике (анализ больших данных, построение эконометрических моделей и пр.);Вести собственный бизнес;«Мы даём задачи на знание дисциплин, изучаемых на экономических факультетах»;«Похожие и даже такие же задания компании используют при собеседованиях»;Онлайн;деньги
6.9.2022 1:03:28;1 курс;Экономика и управление;Нет;Да, и по экономике, и по другим направлениям;Я участвовал(а) / хочу участвовать в олимпиадах;Я участвовал(а) / хочу участвовать в олимпиадах;Ради азарта;Скорее вторых (которые заботятся главным образом о работе);Финансовые рынки и финансовые институты;Проводить аналитическую работу;«Наши задания - это кейсы, для решения которых нужны знания из различных сфер экономики»;«Похожие и даже такие же задания компании используют при собеседованиях»;Очно;Бабки
6.9.2022 1:30:32;2 курс;Экономика и управление;Да, только по другим направлениям;Да, и по экономике, и по другим направлениям;Мне это не интересно;Не хватает знаний/опыта;Не хочу участвовать в олимпиадах;Отчасти первых, отчасти вторых;не знаю;Проводить аналитическую работу;«Наши задания - это кейсы, для решения которых нужны знания из различных сфер экономики»;«Похожие и даже такие же задания компании используют при собеседованиях»;Очно;стажировка, льготы при поступлении в магистратуру
6.9.2022 1:37:46;2 курс;Экономика и управление;Нет;Нет;Нет времени на подготовку;Недостаточно привлекательные призы;Интересно проверить свои знания;Отчасти первых, отчасти вторых;Корпоративные финансы;Проводить аналитическую работу;«Похожие и даже такие же задания компании используют при собеседованиях»;«Мы даём задачи на знание дисциплин, изучаемых на экономических факультетах»;Очно;Ради права стажироваться в какой-нибудь хороший компании
6.9.2022 1:59:53;3 курс;Экономика и управление;Да, только по экономике;Да, только по экономике;Слишком высокая конкуренция;Не хватает знаний/опыта;Хочу получить льготы при поступлении в магистратуру/аспирантуру;Скорее первых (которые заботятся главным образом об учёбе);Корпоративные финансы;Вести собственный бизнес;«Мы даём задачи на знание дисциплин, изучаемых на экономических факультетах»;«Похожие и даже такие же задания компании используют при собеседованиях»;Онлайн;Поступление в магистратуру
6.9.2022 2:18:22;1 курс;Экономика и управление;Да, и по экономике, и по другим направлениям;Да, и по экономике, и по другим направлениям;Я участвовал(а) / хочу участвовать в олимпиадах;Я участвовал(а) / хочу участвовать в олимпиадах;Хочу получить льготы при поступлении в магистратуру/аспирантуру;Скорее вторых (которые заботятся главным образом о работе);Финансовые рынки и финансовые институты;Вести собственный бизнес;«Наши задания - это кейсы, для решения которых нужны знания из различных сфер экономики»;«Наши задания - это кейсы, для решения которых нужны знания из различных сфер экономики»;Онлайн;Полный перевод на бюджет))))
6.9.2022 2:42:24;1 курс;Экономика и управление;Да, и по экономике, и по другим направлениям;Нет;Не хватает знаний/опыта;Мне это не интересно;Не хочу участвовать в олимпиадах;Отчасти первых, отчасти вторых;Инструментальные методы в экономике (анализ больших данных, построение эконометрических моделей и пр.);Проводить аналитическую работу;«Похожие и даже такие же задания компании используют при собеседованиях»;«Наши задания - это кейсы, для решения которых нужны знания из различных сфер экономики»;Очно;Ради гарантированной стажировке с преемлимой оплатой
6.9.2022 5:10:06;1 курс;Ветеринария и зоотехния;Нет;Да, только по экономике;Я участвовал(а) / хочу участвовать в олимпиадах;Я участвовал(а) / хочу участвовать в олимпиадах;Ради азарта;Отчасти первых, отчасти вторых;Инструментальные методы в экономике (анализ больших данных, построение эконометрических моделей и пр.);Проводить аналитическую работу;«Мы даём задачи на знание дисциплин, изучаемых на экономических факультетах»;«Наши задания - это кейсы, для решения которых нужны знания из различных сфер экономики»;Онлайн;Дополнительные баллы при поступлении в магистратуру
6.9.2022 6:24:49;1 курс;Экономика и управление;Нет;Нет;Мне это не интересно;Нет времени на подготовку;Не хочу участвовать в олимпиадах;Безусловно первых (которые заботятся главным образом об учёбе);Корпоративные финансы;Вести собственный бизнес;«Похожие и даже такие же задания компании используют при собеседованиях»;«Наши задания - это кейсы, для решения которых нужны знания из различных сфер экономики»;Очно;Льготное поступление в магистратуру 
6.9.2022 7:38:13;1 курс;Экономика и управление;Нет;Да, только по другим направлениям;Не хватает знаний/опыта;Слишком высокая конкуренция;Хочу получить льготы при поступлении в магистратуру/аспирантуру;Безусловно вторых (которые заботятся главным образом о работе);Финансовые рынки и финансовые институты;Проводить аналитическую работу;«Похожие и даже такие же задания компании используют при собеседованиях»;«Наши задания - это кейсы, для решения которых нужны знания из различных сфер экономики»;Очно;100% место на стажировку в классной компании
6.9.2022 8:12:31;3 курс;Экономика и управление;Нет;Нет;Не хватает знаний/опыта;Слишком высокая конкуренция;Хочу получить льготы при поступлении в магистратуру/аспирантуру;Скорее первых (которые заботятся главным образом об учёбе);Социологические исследования;Вести собственный бизнес;«Наши задания - это кейсы, для решения которых нужны знания из различных сфер экономики»;«Похожие и даже такие же задания компании используют при собеседованиях»;Очно;Льготы при поступлении в магу
6.9.2022 8:53:59;3 курс;Экономика и управление;Да, только по другим направлениям;Да, и по экономике, и по другим направлениям;Я участвовал(а) / хочу участвовать в олимпиадах;Я участвовал(а) / хочу участвовать в олимпиадах;Хочу получить льготы при поступлении в магистратуру/аспирантуру;Отчасти первых, отчасти вторых;Корпоративные финансы;Проводить аналитическую работу;«Наши задания - это кейсы, для решения которых нужны знания из различных сфер экономики»;«Похожие и даже такие же задания компании используют при собеседованиях»;Онлайн;Курсы перед Олимпиадой, поступление в магистратуру 
6.9.2022 8:55:36;1 курс;Экономика и управление;Нет;Нет;Не хватает знаний/опыта;Слишком высокая конкуренция;Хочу получить льготы при поступлении в магистратуру/аспирантуру;Отчасти первых, отчасти вторых;Корпоративные финансы;Проводить аналитическую работу;«Наши задания - это кейсы, для решения которых нужны знания из различных сфер экономики»;«Похожие и даже такие же задания компании используют при собеседованиях»;Очно;Льготы для поступления, престижность победы илт призерства для работодателя 
6.9.2022 9:03:00;3 курс;Экономика и управление;Да, и по экономике, и по другим направлениям;Да, и по экономике, и по другим направлениям;Я участвовал(а) / хочу участвовать в олимпиадах;Я участвовал(а) / хочу участвовать в олимпиадах;Хочу получить льготы при поступлении в магистратуру/аспирантуру;Отчасти первых, отчасти вторых;Аудит;Проводить аналитическую работу;«Мы даём задачи на знание дисциплин, изучаемых на экономических факультетах»;«Похожие и даже такие же задания компании используют при собеседованиях»;Очно;БВИ в магистратуру
6.9.2022 9:18:33;2 курс;Экономика и управление;Да, только по другим направлениям;Да, только по другим направлениям;Слишком высокая конкуренция;Слишком высокая конкуренция;Хочу получить льготы при поступлении в магистратуру/аспирантуру;Затрудняюсь ответить;Стратегическое управление финансами фирмы;Вести собственный бизнес;«Похожие и даже такие же задания компании используют при собеседованиях»;«Похожие и даже такие же задания компании используют при собеседованиях»;Очно;Льготы для поступления 
6.9.2022 9:27:48;2 курс;Экономика и управление;Нет;Нет;Мне это не интересно;Не хватает знаний/опыта;Не хочу участвовать в олимпиадах;Отчасти первых, отчасти вторых;Финансовые рынки и финансовые институты;Проводить аналитическую работу;«Наши задания - это кейсы, для решения которых нужны знания из различных сфер экономики»;«Похожие и даже такие же задания компании используют при собеседованиях»;Онлайн;денежный приз))))
6.9.2022 10:20:53;3 курс;Экономика и управление;Да, только по экономике;Да, только по экономике;Я участвовал(а) / хочу участвовать в олимпиадах;Я участвовал(а) / хочу участвовать в олимпиадах;Хочу получить льготы при поступлении в магистратуру/аспирантуру;Безусловно первых (которые заботятся главным образом об учёбе);Финансовые рынки и финансовые институты;Проводить аналитическую работу;«Мы даём задачи на знание дисциплин, изучаемых на экономических факультетах»;«Похожие и даже такие же задания компании используют при собеседованиях»;Очно;Льготы при поступлении в магистратуру
6.9.2022 10:27:28;2 курс;Экономика и управление;Нет;Да, и по экономике, и по другим направлениям;Не хватает знаний/опыта;Нет времени на подготовку;Хочу получить льготы при поступлении в магистратуру/аспирантуру;Отчасти первых, отчасти вторых;Инструментальные методы в экономике (анализ больших данных, построение эконометрических моделей и пр.);Проводить аналитическую работу;«Наши задания - это кейсы, для решения которых нужны знания из различных сфер экономики»;«Мы даём задачи на знание дисциплин, изучаемых на экономических факультетах»;Очно;льготное поступление на магистратуру
6.9.2022 10:41:19;1 курс;Экономика и управление;Да, и по экономике, и по другим направлениям;Нет;Не хватает знаний/опыта;Слишком высокая конкуренция;Не хочу участвовать в олимпиадах;Скорее вторых (которые заботятся главным образом о работе);Социологические исследования;Проводить аналитическую работу;«Похожие и даже такие же задания компании используют при собеседованиях»;«Наши задания - это кейсы, для решения которых нужны знания из различных сфер экономики»;Очно;Материальное вознаграждение/льготы при получении стажировки
6.9.2022 10:51:19;1 курс;Экономика и управление;Нет;Да, только по экономике;Не хватает знаний/опыта;Нет времени на подготовку;Хочу получить льготы при поступлении в магистратуру/аспирантуру;Безусловно вторых (которые заботятся главным образом о работе);Стратегическое управление финансами фирмы;Вести собственный бизнес;«Похожие и даже такие же задания компании используют при собеседованиях»;«Наши задания - это кейсы, для решения которых нужны знания из различных сфер экономики»;Очно;Плюшки при поступлении в магистратуру
6.9.2022 11:26:45;1 курс;Изобразительное и прикладные виды искусств;Да, только по другим направлениям;Нет;Мне это не интересно;Недостаточно привлекательные призы;Хочу получить льготы при поступлении в магистратуру/аспирантуру;Отчасти первых, отчасти вторых;Стратегическое управление финансами фирмы;Вести собственный бизнес;«Наши задания - это кейсы, для решения которых нужны знания из различных сфер экономики»;«Похожие и даже такие же задания компании используют при собеседованиях»;Онлайн;  
6.9.2022 11:37:15;2 курс;Образование и педагогические науки;Нет;Нет;Не хватает знаний/опыта;Не хватает знаний/опыта;Не хочу участвовать в олимпиадах;Скорее вторых (которые заботятся главным образом о работе);Социологические исследования;Вести собственный бизнес;«Наши задания - это кейсы, для решения которых нужны знания из различных сфер экономики»;«Похожие и даже такие же задания компании используют при собеседованиях»;Очно;Да
6.9.2022 11:54:56;2 курс;Экономика и управление;Нет;Нет;Мне это не интересно;Не хватает знаний/опыта;Не хочу участвовать в олимпиадах;Затрудняюсь ответить;Финансовые рынки и финансовые институты;Проводить аналитическую работу;«Наши задания - это кейсы, для решения которых нужны знания из различных сфер экономики»;«Похожие и даже такие же задания компании используют при собеседованиях»;Очно;Если она в сотрудничестве с компаниями, то преимущества при трудоустройстве. Либо преимущества при поступлении в магистратуру. 
6.9.2022 12:03:05;1 курс;Экономика и управление;Нет;Да, и по экономике, и по другим направлениям;Не хватает знаний/опыта;Слишком высокая конкуренция;Интересно проверить свои знания;Отчасти первых, отчасти вторых;Корпоративные финансы;Делать академическую карьеру;«Наши задания - это кейсы, для решения которых нужны знания из различных сфер экономики»;«Похожие и даже такие же задания компании используют при собеседованиях»;Очно;Приобрести новый опыт, научиться рассказать об информации на академическом уровне, найти соответствующую себе карьеру, планировать свое будущее 
6.9.2022 12:07:12;2 курс;Экономика и управление;Нет;Нет;Нет времени на подготовку;Не хватает знаний/опыта;Не хочу участвовать в олимпиадах;Отчасти первых, отчасти вторых;Инструментальные методы в экономике (анализ больших данных, построение эконометрических моделей и пр.);Вести собственный бизнес;«Похожие и даже такие же задания компании используют при собеседованиях»;«Наши задания - это кейсы, для решения которых нужны знания из различных сфер экономики»;Онлайн;материальное вознаграждение
6.9.2022 12:08:53;2 курс;Средства массовой информации и информационно-библиотечное дело;Да, только по другим направлениям;Да, только по другим направлениям;Я участвовал(а) / хочу участвовать в олимпиадах;Я участвовал(а) / хочу участвовать в олимпиадах;Ради азарта;Скорее вторых (которые заботятся главным образом о работе);музыкальный бизнес;Вести собственный бизнес;«Наши задания - это кейсы, для решения которых нужны знания из различных сфер экономики»;«Похожие и даже такие же задания компании используют при собеседованиях»;Онлайн;не знаю( хочу всё!
6.9.2022 12:10:27;2 курс;Политические науки и регионоведение;Нет;Нет;Нет времени на подготовку;Не хватает знаний/опыта;Хочу получить льготы при поступлении в магистратуру/аспирантуру;Скорее вторых (которые заботятся главным образом о работе);Лингвистика;Проводить аналитическую работу;«Наши задания - это кейсы, для решения которых нужны знания из различных сфер экономики»;«Похожие и даже такие же задания компании используют при собеседованиях»;Очно;Гранты, стажировки в компаниях
6.9.2022 12:39:26;2 курс;Политические науки и регионоведение;Нет;Да, только по другим направлениям;Не хватает знаний/опыта;Мне это не интересно;Хочу получить льготы при поступлении в магистратуру/аспирантуру;Скорее первых (которые заботятся главным образом об учёбе);Экономика и экономическая политика (фундаментальные и прикладные эмпирические исследования);Вести собственный бизнес;«Похожие и даже такие же задания компании используют при собеседованиях»;«Наши задания - это кейсы, для решения которых нужны знания из различных сфер экономики»;Очно;Льготы при поступлении/денежное вознаграждение 
6.9.2022 12:40:45;2 курс;Экономика и управление;Да, только по другим направлениям;Да, и по экономике, и по другим направлениям;Не хватает знаний/опыта;Недостаточно привлекательные призы;Хочу получить льготы при поступлении в магистратуру/аспирантуру;Отчасти первых, отчасти вторых;Пока не определилась ;Проводить аналитическую работу;«Мы даём задачи на знание дисциплин, изучаемых на экономических факультетах»;«Похожие и даже такие же задания компании используют при собеседованиях»;Очно;Ради участия, сам процесс подготовки к олимпиаде, его прохождении, получение удовольствие 🥰 от того что ты можешь решать такие задачи 🤯 
6.9.2022 12:49:15;2 курс;Экономика и управление;Нет;Нет;Не хватает знаний/опыта;Слишком высокая конкуренция;Не хочу участвовать в олимпиадах;Скорее вторых (которые заботятся главным образом о работе);Финансовые рынки и финансовые институты;Вести собственный бизнес;«Похожие и даже такие же задания компании используют при собеседованиях»;«Наши задания - это кейсы, для решения которых нужны знания из различных сфер экономики»;Очно;Упрощённых проход на стажировку 
6.9.2022 12:53:38;2 курс;Изобразительное и прикладные виды искусств;Нет;Нет;Мне это не интересно;Не хватает знаний/опыта;Не хочу участвовать в олимпиадах;Скорее вторых (которые заботятся главным образом о работе);никаком;фриланс;«Похожие и даже такие же задания компании используют при собеседованиях»;«Мы даём задачи на знание дисциплин, изучаемых на экономических факультетах»;Онлайн;деньги, стажировка
6.9.2022 13:16:07;1 курс;Экономика и управление;Нет;Нет;Мне это не интересно;Нет времени на подготовку;Не хочу участвовать в олимпиадах;Отчасти первых, отчасти вторых;Финансовые рынки и финансовые институты;Вести собственный бизнес;«Наши задания - это кейсы, для решения которых нужны знания из различных сфер экономики»;«Похожие и даже такие же задания компании используют при собеседованиях»;Очно;Работа в крупной компании 
6.9.2022 13:31:42;1 курс;Экономика и управление;Нет;Да, и по экономике, и по другим направлениям;Не хватает знаний/опыта;Я участвовал(а) / хочу участвовать в олимпиадах;Ради азарта;Отчасти первых, отчасти вторых;Корпоративные финансы;Вести собственный бизнес;«Наши задания - это кейсы, для решения которых нужны знания из различных сфер экономики»;«Похожие и даже такие же задания компании используют при собеседованиях»;Очно;Стажировка или денежные вознаграждения 
6.9.2022 13:52:03;1 курс;Экономика и управление;Нет;Нет;Нет времени на подготовку;Не хватает знаний/опыта;Льготы при поиске работы ;Скорее вторых (которые заботятся главным образом о работе);Инструментальные методы в экономике (анализ больших данных, построение эконометрических моделей и пр.);Проводить аналитическую работу;«Похожие и даже такие же задания компании используют при собеседованиях»;«Наши задания - это кейсы, для решения которых нужны знания из различных сфер экономики»;Очно;Работа!!!
6.9.2022 14:34:06;4 курс;Экономика и управление;Да, и по экономике, и по другим направлениям;Нет;Я участвовал(а) / хочу участвовать в олимпиадах;Я участвовал(а) / хочу участвовать в олимпиадах;Хочу получить льготы при поступлении в магистратуру/аспирантуру;Отчасти первых, отчасти вторых;Социологические исследования;Вести собственный бизнес;«Наши задания - это кейсы, для решения которых нужны знания из различных сфер экономики»;«Мы даём задачи на знание дисциплин, изучаемых на экономических факультетах»;Очно;Денежное вознаграждение, трудоустройство, льготы при поступлении
6.9.2022 14:37:56;4 курс;Экономика и управление;Да, и по экономике, и по другим направлениям;Нет;Я участвовал(а) / хочу участвовать в олимпиадах;Мне это не интересно;Хочу получить льготы при поступлении в магистратуру/аспирантуру;Отчасти первых, отчасти вторых;Стратегическое управление финансами фирмы;Проводить аналитическую работу;«Наши задания - это кейсы, для решения которых нужны знания из различных сфер экономики»;«Мы даём задачи на знание дисциплин, изучаемых на экономических факультетах»;Онлайн;поступление в магистратуру и деньги
6.9.2022 14:45:01;3 курс;Экономика и управление;Нет;Нет;Хватило олимпиад по горло в школе;Мне это не интересно;Не хочу участвовать в олимпиадах;Безусловно вторых (которые заботятся главным образом о работе);Развитие продукта и менеджмент;Вести собственный бизнес;«Наши задания - это кейсы, для решения которых нужны знания из различных сфер экономики»;«Похожие и даже такие же задания компании используют при собеседованиях»;Очно;Деньги, оффер на хорошую работу
6.9.2022 14:48:06;3 курс;Экономика и управление;Нет;Нет;Недостаточно привлекательные призы;Мне это не интересно;Ради азарта;Скорее вторых (которые заботятся главным образом о работе);Финансовые рынки и финансовые институты;Вести собственный бизнес;«Наши задания - это кейсы, для решения которых нужны знания из различных сфер экономики»;«Похожие и даже такие же задания компании используют при собеседованиях»;Очно;Работу
6.9.2022 14:54:25;3 курс;Экономика и управление;Нет;Нет;Мне это не интересно;Не хватает знаний/опыта;Не хочу участвовать в олимпиадах;Безусловно вторых (которые заботятся главным образом о работе);Инструментальные методы в экономике (анализ больших данных, построение эконометрических моделей и пр.);Проводить аналитическую работу;«Похожие и даже такие же задания компании используют при собеседованиях»;«Наши задания - это кейсы, для решения которых нужны знания из различных сфер экономики»;Очно;Денежный приз/ поступление в магистратуру/ автоматическое принятие на стажировку
6.9.2022 15:29:32;4 курс;Экономика и управление;Да, и по экономике, и по другим направлениям;Да, и по экономике, и по другим направлениям;Слишком высокая конкуренция;Нет времени на подготовку;Интересно проверить свои знания;Отчасти первых, отчасти вторых;Корпоративные финансы;Проводить аналитическую работу;«Похожие и даже такие же задания компании используют при собеседованиях»;«Наши задания - это кейсы, для решения которых нужны знания из различных сфер экономики»;Онлайн;Сувенирчики
6.9.2022 15:30:16;4 курс;Экономика и управление;Да, и по экономике, и по другим направлениям;Да, и по экономике, и по другим направлениям;Не хватает знаний/опыта;Нет времени на подготовку;Хочу получить льготы при поступлении в магистратуру/аспирантуру;Отчасти первых, отчасти вторых;Экономика и экономическая политика (фундаментальные и прикладные эмпирические исследования);Проводить аналитическую работу;«Наши задания - это кейсы, для решения которых нужны знания из различных сфер экономики»;«Мы даём задачи на знание дисциплин, изучаемых на экономических факультетах»;Онлайн;Льготы для дальнейшего обучения или денежный приз
6.9.2022 15:30:34;4 курс;Экономика и управление;Нет;Нет;Мне это не интересно;Нет времени на подготовку;Не хочу участвовать в олимпиадах;Безусловно вторых (которые заботятся главным образом о работе);Маркетинг;Вести собственный бизнес;«Похожие и даже такие же задания компании используют при собеседованиях»;«Мы даём задачи на знание дисциплин, изучаемых на экономических факультетах»;Онлайн;Деньги 
6.9.2022 15:30:51;4 курс;Экономика и управление;Да, и по экономике, и по другим направлениям;Да, и по экономике, и по другим направлениям;Я участвовал(а) / хочу участвовать в олимпиадах;Я участвовал(а) / хочу участвовать в олимпиадах;Хочу получить льготы при поступлении в магистратуру/аспирантуру;Безусловно вторых (которые заботятся главным образом о работе);Статистический анализ в экономике;Проводить аналитическую работу;«Наши задания - это кейсы, для решения которых нужны знания из различных сфер экономики»;«Похожие и даже такие же задания компании используют при собеседованиях»;Очно;"Было бы хорошо, чтобы работодатели знали олимпиаду и одной строчки в резюме об олимпиаде было достаточно
Т.е. не надо было бы им потом пояснять, что это такое"
6.9.2022 15:31:56;3 курс;Экономика и управление;Нет;Нет;Нет времени на подготовку;Не хватает знаний/опыта;Хочу получить льготы при поступлении в магистратуру/аспирантуру;Скорее вторых (которые заботятся главным образом о работе);Инструментальные методы в экономике (анализ больших данных, построение эконометрических моделей и пр.);Вести собственный бизнес;«Наши задания - это кейсы, для решения которых нужны знания из различных сфер экономики»;«Похожие и даже такие же задания компании используют при собеседованиях»;Онлайн;Магистратура бюджет
6.9.2022 15:32:47;3 курс;Экономика и управление;Нет;Нет;Не хватает знаний/опыта;Недостаточно привлекательные призы;Ради азарта;Скорее вторых (которые заботятся главным образом о работе);Экономика и экономическая политика (фундаментальные и прикладные эмпирические исследования);Вести собственный бизнес;«Наши задания - это кейсы, для решения которых нужны знания из различных сфер экономики»;«Наши задания - это кейсы, для решения которых нужны знания из различных сфер экономики»;Очно;Деньги
6.9.2022 15:32:56;3 курс;Экономика и управление;Нет;Да, и по экономике, и по другим направлениям;Нет времени на подготовку;Не хватает знаний/опыта;Хочу получить льготы при поступлении в магистратуру/аспирантуру;Безусловно вторых (которые заботятся главным образом о работе);Статистический анализ в экономике;Проводить аналитическую работу;«Похожие и даже такие же задания компании используют при собеседованиях»;«Наши задания - это кейсы, для решения которых нужны знания из различных сфер экономики»;Очно;Магистратура
6.9.2022 15:37:09;4 курс;Экономика и управление;Нет;Да, только по экономике;Нет времени на подготовку;Я участвовал(а) / хочу участвовать в олимпиадах;Ради азарта;Скорее первых (которые заботятся главным образом об учёбе);Инструментальные методы в экономике (анализ больших данных, построение эконометрических моделей и пр.);Делать академическую карьеру;«Мы даём задачи на знание дисциплин, изучаемых на экономических факультетах»;«Наши задания - это кейсы, для решения которых нужны знания из различных сфер экономики»;Очно;Признание
6.9.2022 15:44:13;3 курс;Экономика и управление;Да, и по экономике, и по другим направлениям;Да, и по экономике, и по другим направлениям;Я участвовал(а) / хочу участвовать в олимпиадах;Я участвовал(а) / хочу участвовать в олимпиадах;Ради азарта;Отчасти первых, отчасти вторых;Инструментальные методы в экономике (анализ больших данных, построение эконометрических моделей и пр.);Проводить аналитическую работу;«Похожие и даже такие же задания компании используют при собеседованиях»;«Наши задания - это кейсы, для решения которых нужны знания из различных сфер экономики»;Онлайн;Деньги
6.9.2022 15:44:40;4 курс;Экономика и управление;Нет;Нет;Мне это не интересно;Слишком высокая конкуренция;Не хочу участвовать в олимпиадах;Отчасти первых, отчасти вторых;Финансовые рынки и финансовые институты;Делать академическую карьеру;«Похожие и даже такие же задания компании используют при собеседованиях»;«Мы даём задачи на знание дисциплин, изучаемых на экономических факультетах»;Онлайн;Деньги
6.9.2022 15:49:59;3 курс;Экономика и управление;Да, только по другим направлениям;Нет;Мне это не интересно;Недостаточно привлекательные призы;Не хочу участвовать в олимпиадах;Отчасти первых, отчасти вторых;Инструментальные методы в экономике (анализ больших данных, построение эконометрических моделей и пр.);Проводить аналитическую работу;«Похожие и даже такие же задания компании используют при собеседованиях»;«Наши задания - это кейсы, для решения которых нужны знания из различных сфер экономики»;Онлайн;п 
6.9.2022 15:51:55;3 курс;Экономика и управление;Да, и по экономике, и по другим направлениям;Да, и по экономике, и по другим направлениям;Я участвовал(а) / хочу участвовать в олимпиадах;Я участвовал(а) / хочу участвовать в олимпиадах;Хочу получить льготы при поступлении в магистратуру/аспирантуру;Скорее первых (которые заботятся главным образом об учёбе);Финансовые рынки и финансовые институты;Проводить аналитическую работу;«Похожие и даже такие же задания компании используют при собеседованиях»;«Мы даём задачи на знание дисциплин, изучаемых на экономических факультетах»;Очно;"""Плюшки"" при поступлении в магистратуру + символические призы "
6.9.2022 18:52:48;2 курс;Экономика и управление;Нет;Нет;Мне это не интересно;Нет времени на подготовку;Не хочу участвовать в олимпиадах;Скорее первых (которые заботятся главным образом об учёбе);Стратегическое управление финансами фирмы;Вести собственный бизнес;«Похожие и даже такие же задания компании используют при собеседованиях»;«Наши задания - это кейсы, для решения которых нужны знания из различных сфер экономики»;Очно;Хороший денежный приз
6.9.2022 20:12:05;2 курс;Экономика и управление;Нет;Нет;Слишком высокая конкуренция;Мне это не интересно;Хочу получить льготы при поступлении в магистратуру/аспирантуру;Скорее вторых (которые заботятся главным образом о работе);Социологические исследования;Вести собственный бизнес;«Наши задания - это кейсы, для решения которых нужны знания из различных сфер экономики»;«Похожие и даже такие же задания компании используют при собеседованиях»;Онлайн;Скидка на обучение, финансовое награждение
6.9.2022 20:16:41;3 курс;Экономика и управление;Нет;Да, и по экономике, и по другим направлениям;Нет времени на подготовку;Не хватает знаний/опыта;Хочу получить льготы при поступлении в магистратуру/аспирантуру;Скорее первых (которые заботятся главным образом об учёбе);Инструментальные методы в экономике (анализ больших данных, построение эконометрических моделей и пр.);Проводить аналитическую работу;«Похожие и даже такие же задания компании используют при собеседованиях»;«Наши задания - это кейсы, для решения которых нужны знания из различных сфер экономики»;Очно;Возможность присоединиться к коммьюнити, советы от более опытных
6.10.2022 1:07:33;1 курс;Экономика и управление;Нет;Да, и по экономике, и по другим направлениям;Я участвовал(а) / хочу участвовать в олимпиадах;-;Хочу получить льготы при поступлении в магистратуру/аспирантуру;Отчасти первых, отчасти вторых;Финансовые рынки и финансовые институты;Проводить аналитическую работу;«Похожие и даже такие же задания компании используют при собеседованиях»;«Наши задания - это кейсы, для решения которых нужны знания из различных сфер экономики»;Онлайн;-
6.10.2022 1:19:12;4 курс;Экономика и управление;Да, только по другим направлениям;Нет;Я заканчиваю обучение на 4 курсе;Нет времени на подготовку;Хочу получить льготы при поступлении в магистратуру/аспирантуру;Отчасти первых, отчасти вторых;Наука о данных;Работать в частном секторе;«Похожие и даже такие же задания компании используют при собеседованиях»;«Наши задания - это кейсы, для решения которых нужны знания из различных сфер экономики»;Онлайн;Льготы при поступлении в магистратуру
6.10.2022 10:49:44;4 курс;Экономика и управление;Да, только по экономике;Да, только по экономике;Я участвовал(а) / хочу участвовать в олимпиадах;Я участвовал(а) / хочу участвовать в олимпиадах;Хочу получить льготы при поступлении в магистратуру/аспирантуру;Скорее первых (которые заботятся главным образом об учёбе);Инструментальные методы в экономике (анализ больших данных, построение эконометрических моделей и пр.);Делать академическую карьеру;«Мы даём задачи на знание дисциплин, изучаемых на экономических факультетах»;«Похожие и даже такие же задания компании используют при собеседованиях»;Онлайн;100 баллов по конкурсу портфолио в магистратуру и денежный приз от 100 тысяч рублей.
6.10.2022 13:36:23;2 курс;Юриспруденция;Да, и по экономике, и по другим направлениям;Да, и по экономике, и по другим направлениям;Не хватает знаний/опыта;Я участвовал(а) / хочу участвовать в олимпиадах;Ради приёма на работу;Безусловно первых (которые заботятся главным образом об учёбе);Корпоративные финансы;Проводить аналитическую работу;«Похожие и даже такие же задания компании используют при собеседованиях»;«Наши задания - это кейсы, для решения которых нужны знания из различных сфер экономики»;Очно;Уважение работодателя, трудовой оффер
6.10.2022 16:29:46;1 курс;Экономика и управление;Да, и по экономике, и по другим направлениям;Да, и по экономике, и по другим направлениям;Я участвовал(а) / хочу участвовать в олимпиадах;Я участвовал(а) / хочу участвовать в олимпиадах;Хочу получить льготы при поступлении в магистратуру/аспирантуру;Отчасти первых, отчасти вторых;Финансовые рынки и финансовые институты;Вести собственный бизнес;«Мы даём задачи на знание дисциплин, изучаемых на экономических факультетах»;«Похожие и даже такие же задания компании используют при собеседованиях»;Очно;"Льготы при поступлении; денежные призы; поездка в какое-то новое место, где проводится олимпиада; интересная развлекательная программа на заключительном этапе"
6.10.2022 17:02:19;1 курс;Экономика и управление;Нет;Да, и по экономике, и по другим направлениям;Не хватает знаний/опыта;Я участвовал(а) / хочу участвовать в олимпиадах;Интересно проверить свои знания;Отчасти первых, отчасти вторых;Инструментальные методы в экономике (анализ больших данных, построение эконометрических моделей и пр.);Проводить аналитическую работу;«Похожие и даже такие же задания компании используют при собеседованиях»;«Наши задания - это кейсы, для решения которых нужны знания из различных сфер экономики»;Очно;Стажировка зарубежом 
6.10.2022 22:26:52;3 курс;Экономика и управление;Нет;Нет;Нет времени на подготовку;Не хватает знаний/опыта;Интересно проверить свои знания;Скорее вторых (которые заботятся главным образом о работе);бизнес;Вести собственный бизнес;«Наши задания - это кейсы, для решения которых нужны знания из различных сфер экономики»;«Похожие и даже такие же задания компании используют при собеседованиях»;Очно;хотя бы чтобы послевкусие от олимпиады было положительным. Например, можно провести тренинги на профориентацию или как построить успешную карьеру в академических кругах и/или в корпоративном мире. В общем я бы за крутые мероприятия был бы рад поучаствовать
